sales_raw_id,customer_id,prod_code,sales_date,transaction_number,transaction_line_number,unit_price,discount_pct,sales_qty,extended_sales_total
 10000,C68854,1052,2015-01-03, 5000302, 1, 107.96, 5, 4,410.25
 10001,C96875,1043,2000-01-11, 5000566, 1, 24.99, 0, 3,74.97
 10002,C3394,1030,2000-01-27, 5001137, 1, 22.75, 10, 2,40.95
 10003,C3394,1013,2000-01-27, 5001137, 2, 10.74, 10, 4,38.66
 10004,C3394,1051,2000-01-27, 5001137, 3, 122.37, 15, 5,520.07
 10005,C50794,1009,2000-01-29, 5000895, 1, 16.99, 5, 2,32.28
 10006,C91089,1052,2000-02-03, 5000048, 1, 107.96, 15, 3,275.3
 10007,C91089,1036,2000-02-03, 5000048, 2, 28.24, 0, 4,112.96
 10008,C16107,1044,2000-02-09, 5000051, 1, 22.99, 20, 2,36.78
 10009,C29291,1012,2000-02-09, 5001229, 1, 38.54, 5, 4,146.45
 10010,C29218,1046,2000-02-10, 5001222, 1, 183.17, 15, 3,467.08
 10011,C41712,1004,2000-02-16, 5000111, 1, 59.99, 10, 4,215.96
 10012,C93726,1024,2000-02-16, 5000289, 1, 25.0, 0, 1,25
 10013,C27021,1020,2000-02-26, 5001010, 1, 26.99, 5, 1,25.64
 10014,C26874,1037,2000-02-27, 5000996, 1, 54.94, 15, 2,93.4
 10015,C26874,1000,2000-02-27, 5000996, 2, 1000.0, 20, 3,2400
 10016,C18818,1017,2000-02-29, 5000300, 1, 19.95, 15, 5,84.79
 10017,C18818,1021,2000-02-29, 5000300, 2, 24.99, 5, 2,47.48
 10018,C76545,1028,2000-02-29, 5000962, 1, 4.5, 10, 1,4.05
 10019,C76545,1033,2000-02-29, 5000962, 2, 19.95, 5, 2,37.9
 10020,C2222,1027,2000-03-03, 5001032, 1, 4.5, 20, 4,14.4
 10021,C2222,1050,2000-03-03, 5001032, 2, 98.96, 10, 4,356.26
 10022,C90723,1036,2000-03-03, 5000013, 1, 28.24, 10, 2,50.83
 10023,C45154,1042,2000-03-07, 5000411, 1, 89.99, 20, 2,143.98
 10024,C93799,1025,2000-03-07, 5000298, 1, 39.94, 5, 3,113.83
 10025,C98414,1004,2000-03-10, 5000706, 1, 59.99, 15, 3,152.97
 10026,C71051,1032,2000-03-11, 5000483, 1, 4.5, 10, 1,4.05
 10027,C94971,1043,2000-03-12, 5000396, 1, 24.99, 15, 1,21.24
 10028,C66291,1001,2000-04-01, 5000073, 1, 53.5, 0, 5,267.5
 10029,C66291,1019,2000-04-01, 5000073, 2, 79.7, 10, 4,286.92
 10030,C91236,1001,2000-04-01, 5000066, 1, 53.5, 10, 1,48.15
 10031,C51160,1039,2000-04-02, 5000924, 1, 34.0, 15, 2,57.8
 10032,C46546,1003,2000-04-03, 5000538, 1, 12.99, 20, 1,10.39
 10033,C46546,1023,2000-04-03, 5000538, 2, 29.99, 0, 3,89.97
 10034,C41272,1037,2000-04-04, 5000071, 1, 54.94, 20, 3,131.86
 10035,C68341,1031,2000-04-10, 5000252, 1, 17.99, 10, 2,32.38
 10036,C26581,1004,2000-04-11, 5000966, 1, 59.99, 20, 1,47.99
 10037,C69806,1036,2000-04-15, 5000381, 1, 28.24, 10, 4,101.66
 10038,C51453,1048,2000-04-22, 5000952, 1, 104.49, 20, 3,250.78
 10039,C51453,1010,2000-04-22, 5000952, 2, 69.99, 15, 4,237.97
 10040,C28559,1021,2000-04-27, 5001158, 1, 24.99, 10, 4,89.96
 10041,C71198,1005,2000-04-29, 5000502, 1, 26.99, 5, 4,102.56
 10042,C71198,1018,2000-04-29, 5000502, 2, 44.99, 5, 2,85.48
 10043,C1636,1051,2000-05-07, 5000977, 1, 122.37, 5, 3,348.75
 10044,C1636,1037,2000-05-07, 5000977, 2, 54.94, 0, 1,54.94
 10045,C3248,1025,2000-05-10, 5001118, 1, 39.94, 10, 3,107.84
 10046,C3248,1013,2000-05-10, 5001118, 2, 10.74, 10, 1,9.67
 10047,C47352,1013,2000-05-12, 5000618, 1, 10.74, 15, 1,9.13
 10048,C91455,1050,2000-05-12, 5000088, 1, 98.96, 15, 3,252.35
 10049,C91455,1040,2000-05-12, 5000088, 2, 32.12, 15, 5,136.51
 10050,C91529,1026,2000-05-16, 5000094, 1, 18.15, 10, 1,16.34
 10051,C91529,1003,2000-05-16, 5000094, 2, 12.99, 5, 4,49.36
 10052,C464,1016,2000-05-21, 5000872, 1, 5.99, 0, 3,17.97
 10053,C74714,1017,2000-05-25, 5000813, 1, 19.95, 10, 3,53.86
 10054,C74714,1040,2000-05-25, 5000813, 2, 32.12, 10, 4,115.63
 10055,C41272,1014,2000-06-04, 5000070, 1, 17.49, 5, 4,66.46
 10056,C29218,1025,2000-06-08, 5001221, 1, 39.94, 20, 4,127.81
 10057,C46912,1036,2000-06-09, 5000571, 1, 28.24, 20, 3,67.78
 10058,C40540,1048,2000-06-10, 5000001, 1, 104.49, 15, 3,266.45
 10059,C40540,1020,2000-06-10, 5000001, 2, 26.99, 5, 1,25.64
 10060,C95777,1003,2000-06-10, 5000462, 1, 12.99, 15, 2,22.08
 10061,C52259,1034,2000-06-15, 5001036, 1, 8.49, 10, 4,30.56
 10062,C24823,1018,2000-06-16, 5000819, 1, 44.99, 10, 3,121.47
 10063,C66437,1052,2000-06-17, 5000085, 1, 107.96, 5, 3,307.69
 10064,C47278,1047,2000-06-24, 5000615, 1, 56.95, 5, 5,270.51
 10065,C69587,1054,2000-06-28, 5000361, 1, 200.0, 15, 3,510
 10066,C16181,1011,2000-07-01, 5000060, 1, 24.99, 0, 3,74.97
 10067,C99219,1030,2000-07-09, 5000768, 1, 22.75, 15, 5,96.69
 10068,C2369,1004,2000-07-10, 5001045, 1, 59.99, 5, 3,170.97
 10069,C4053,1041,2000-07-10, 5001207, 1, 28.94, 0, 4,115.76
 10070,C43543,1034,2000-07-10, 5000273, 1, 8.49, 15, 2,14.43
 10071,C92261,1047,2000-07-10, 5000153, 1, 56.95, 10, 4,205.02
 10072,C92261,1007,2000-07-10, 5000153, 2, 7.96, 5, 2,15.12
 10073,C52552,1030,2000-07-15, 5001056, 1, 22.75, 15, 3,58.01
 10074,C52552,1005,2000-07-15, 5001056, 2, 26.99, 0, 1,26.99
 10075,C50867,1023,2000-07-19, 5000907, 1, 29.99, 20, 1,23.99
 10076,C50867,1006,2000-07-19, 5000907, 2, 41.99, 5, 1,39.89
 10077,C96509,1014,2000-07-19, 5000537, 1, 17.49, 0, 1,17.49
 10078,C97974,1005,2000-07-22, 5000669, 1, 26.99, 5, 2,51.28
 10079,C97974,1019,2000-07-22, 5000669, 2, 79.7, 0, 5,398.5
 10080,C29731,1013,2000-07-27, 5001270, 1, 10.74, 15, 2,18.26
 10081,C72956,1031,2000-07-31, 5000665, 1, 17.99, 0, 3,53.97
 10082,C72956,1030,2000-07-31, 5000665, 2, 22.75, 15, 2,38.67
 10083,C43177,1033,2000-08-02, 5000239, 1, 19.95, 15, 2,33.91
 10084,C50647,1006,2000-08-03, 5000886, 1, 41.99, 10, 2,75.58
 10085,C50647,1044,2000-08-03, 5000886, 2, 22.99, 5, 3,65.52
 10086,C92261,1007,2000-08-07, 5000154, 1, 7.96, 10, 5,35.82
 10087,C2295,1011,2000-08-09, 5001040, 1, 24.99, 5, 3,71.22
 10088,C2295,1007,2000-08-09, 5001040, 2, 7.96, 15, 4,27.06
 10089,C51673,1047,2000-08-09, 5000978, 1, 56.95, 5, 4,216.41
 10090,C51014,1028,2000-08-14, 5000917, 1, 4.5, 5, 2,8.55
 10091,C51014,1017,2000-08-14, 5000917, 2, 19.95, 0, 2,39.9
 10092,C95191,1016,2000-08-19, 5000415, 1, 5.99, 10, 3,16.17
 10093,C91016,1011,2000-09-08, 5000044, 1, 24.99, 10, 2,44.98
 10094,C50281,1026,2000-09-09, 5000860, 1, 18.15, 15, 3,46.28
 10095,C27534,1016,2000-09-11, 5001055, 1, 5.99, 5, 2,11.38
 10096,C21308,1049,2000-09-12, 5000515, 1, 206.99, 15, 5,879.71
 10097,2.0,1011,2000-09-13, 5001281, 1, 24.99, 0, 1,24.99
 10098,C51966,1034,2000-09-16, 5001003, 1, 8.49, 10, 3,22.92
 10099,C3834,1034,2000-09-17, 5001188, 1, 8.49, 15, 3,21.65
 10100,C21015,1053,2000-09-22, 5000480, 1, 93.0, 5, 2,176.7
 10101,C73688,1056,2000-09-23, 5000733, 1, 2123.0, 15, 4,7218.2
 10102,C75812,1008,2000-09-27, 5000899, 1, 62.88, 10, 2,113.18
 10103,C93360,1046,2000-09-29, 5000254, 1, 183.17, 15, 5,778.47
 10104,C93360,1044,2000-09-29, 5000254, 2, 22.99, 10, 2,41.38
 10105,C66877,1003,2000-10-09, 5000120, 1, 12.99, 0, 3,38.97
 10106,C65924,1015,2000-10-11, 5000030, 1, 8.0, 5, 2,15.2
 10107,C71930,1003,2000-10-11, 5000572, 1, 12.99, 10, 2,23.38
 10108,C68268,1046,2000-10-13, 5000242, 1, 183.17, 5, 4,696.05
 10109,C95264,1031,2000-10-14, 5000418, 1, 17.99, 0, 4,71.96
 10110,C68341,1002,2000-10-16, 5000251, 1, 14.97, 5, 4,56.89
 10111,C52405,1056,2000-10-23, 5001047, 1, 2123.0, 20, 2,3396.8
 10112,C71198,1024,2000-11-02, 5000504, 1, 25.0, 15, 5,106.25
 10113,C18378,1025,2000-11-03, 5000255, 1, 39.94, 5, 4,151.77
 10114,C41199,1051,2000-11-21, 5000062, 1, 122.37, 5, 3,348.75
 10115,C41199,1000,2000-11-21, 5000062, 2, 1000.0, 5, 4,3800
 10116,C94019,1038,2000-11-21, 5000311, 1, 16.99, 15, 3,43.32
 10117,C22040,1037,2000-11-22, 5000587, 1, 54.94, 15, 2,93.4
 10118,C94898,1024,2000-11-25, 5000388, 1, 25.0, 10, 3,67.5
 10119,C75007,1042,2000-11-27, 5000837, 1, 89.99, 10, 4,323.96
 10120,C17426,1008,2000-12-01, 5000169, 1, 62.88, 15, 3,160.34
 10121,C17426,1021,2000-12-01, 5000169, 2, 24.99, 10, 3,67.47
 10122,C3541,1004,2000-12-01, 5001155, 1, 59.99, 0, 2,119.98
 10123,C47791,1046,2000-12-01, 5000654, 1, 183.17, 15, 2,311.39
 10124,C71198,1033,2000-12-18, 5000503, 1, 19.95, 20, 1,15.96
 10125,C3321,1018,2000-12-20, 5001130, 1, 44.99, 10, 1,40.49
 10126,C3321,1017,2000-12-20, 5001130, 2, 19.95, 10, 1,17.95
 10127,C69074,1012,2000-12-24, 5000316, 1, 38.54, 0, 2,77.08
 10128,C977,1039,2000-12-27, 5000916, 1, 34.0, 15, 3,86.7
 10129,C41931,1041,2000-12-30, 5000125, 1, 28.94, 0, 2,57.88
 10130,C74421,1044,2001-01-01, 5000786, 1, 22.99, 5, 2,43.68
 10131,C28705,1042,2001-01-02, 5001176, 1, 89.99, 5, 3,256.47
 10132,C28705,1010,2001-01-02, 5001176, 2, 69.99, 5, 2,132.98
 10133,C19477,1031,2001-01-05, 5000348, 1, 17.99, 10, 5,80.95
 10134,C43616,1026,2001-01-05, 5000275, 1, 18.15, 10, 4,65.34
 10135,C43616,1038,2001-01-05, 5000275, 2, 16.99, 20, 2,27.18
 10136,C96582,1028,2001-01-05, 5000541, 1, 4.5, 15, 2,7.65
 10137,C26728,1046,2001-01-08, 5000981, 1, 183.17, 20, 1,146.54
 10138,C3467,1014,2001-01-11, 5001147, 1, 17.49, 5, 3,49.85
 10139,C95411,1039,2001-01-15, 5000431, 1, 34.0, 0, 3,102
 10140,C95850,1030,2001-01-17, 5000468, 1, 22.75, 20, 2,36.4
 10141,C26801,1021,2001-01-18, 5000988, 1, 24.99, 0, 4,99.96
 10142,C26801,1041,2001-01-18, 5000988, 2, 28.94, 5, 4,109.97
 10143,C26801,1014,2001-01-18, 5000988, 3, 17.49, 15, 5,74.33
 10144,C78742,1046,2001-01-20, 5001179, 1, 183.17, 10, 2,329.71
 10145,C95704,1031,2001-01-24, 5000455, 1, 17.99, 5, 3,51.27
 10146,C26874,1013,2001-01-28, 5000997, 1, 10.74, 0, 4,42.96
 10147,C46106,1005,2001-01-28, 5000489, 1, 26.99, 5, 5,128.2
 10148,C19843,1024,2001-01-30, 5000384, 1, 25.0, 5, 4,95
 10149,C22992,1035,2001-01-31, 5000671, 1, 43.95, 15, 4,149.43
 10150,C22992,1041,2001-01-31, 5000671, 2, 28.94, 0, 4,115.76
 10151,C53943,1048,2001-02-01, 5001194, 1, 104.49, 5, 2,198.53
 10152,C41419,1011,2001-02-03, 5000084, 1, 24.99, 5, 5,118.7
 10153,C40760,1021,2001-02-09, 5000017, 1, 24.99, 0, 2,49.98
 10154,C78889,1028,2001-02-13, 5001192, 1, 4.5, 5, 3,12.82
 10155,C99732,1001,2001-02-14, 5000814, 1, 53.5, 10, 5,240.75
 10156,C99732,1038,2001-02-14, 5000814, 2, 16.99, 5, 5,80.7
 10157,C17060,1046,2001-02-15, 5000137, 1, 183.17, 10, 2,329.71
 10158,C78010,1046,2001-02-17, 5001089, 1, 183.17, 5, 1,174.01
 10159,C78010,1001,2001-02-17, 5001089, 2, 53.5, 15, 5,227.38
 10160,C67096,1025,2001-02-22, 5000139, 1, 39.94, 10, 3,107.84
 10161,C50940,1036,2001-02-25, 5000911, 1, 28.24, 10, 3,76.25
 10162,C28193,1015,2001-02-26, 5001111, 1, 8.0, 0, 2,16
 10163,C28193,1012,2001-02-26, 5001111, 2, 38.54, 15, 4,131.04
 10164,C75593,1009,2001-02-27, 5000882, 1, 16.99, 15, 5,72.21
 10165,C75593,1047,2001-02-27, 5000882, 2, 56.95, 10, 3,153.77
 10166,C75593,1017,2001-02-27, 5000882, 3, 19.95, 5, 4,75.81
 10167,C42664,1004,2001-03-01, 5000187, 1, 59.99, 10, 2,107.98
 10168,C43909,1001,2001-03-01, 5000307, 1, 53.5, 20, 5,214
 10169,C48011,1043,2001-03-01, 5000673, 1, 24.99, 15, 3,63.72
 10170,C78156,1039,2001-03-03, 5001107, 1, 34.0, 10, 3,91.8
 10171,C78156,1046,2001-03-03, 5001107, 2, 183.17, 10, 3,494.56
 10172,C15741,1026,2001-03-04, 5000015, 1, 18.15, 20, 4,58.08
 10173,C71344,1019,2001-03-05, 5000518, 1, 79.7, 10, 4,286.92
 10174,C19110,1049,2001-03-06, 5000318, 1, 206.99, 10, 5,931.46
 10175,C21967,1022,2001-03-07, 5000577, 1, 13.99, 0, 1,13.99
 10176,C93213,1022,2001-03-08, 5000241, 1, 13.99, 5, 1,13.29
 10177,C96949,1051,2001-03-08, 5000575, 1, 122.37, 5, 3,348.75
 10178,C98340,1007,2001-03-08, 5000697, 1, 7.96, 5, 4,30.25
 10179,C4273,1042,2001-03-09, 5001228, 1, 89.99, 5, 3,256.47
 10180,C1050,1041,2001-03-10, 5000919, 1, 28.94, 20, 4,92.61
 10181,C1050,1003,2001-03-10, 5000919, 2, 12.99, 15, 4,44.17
 10182,C19184,1042,2001-03-13, 5000325, 1, 89.99, 15, 1,76.49
 10183,C19184,1026,2001-03-13, 5000325, 2, 18.15, 0, 2,36.3
 10184,C28998,1003,2001-03-16, 5001198, 1, 12.99, 10, 4,46.76
 10185,C44202,1015,2001-03-20, 5000328, 1, 8.0, 5, 4,30.4
 10186,C98853,1028,2001-03-21, 5000739, 1, 4.5, 15, 3,11.47
 10187,C98853,1035,2001-03-21, 5000739, 2, 43.95, 5, 2,83.5
 10188,C43763,1040,2001-03-22, 5000294, 1, 32.12, 5, 2,61.03
 10189,C43763,1005,2001-03-22, 5000294, 2, 26.99, 0, 5,134.95
 10190,C91602,1033,2001-03-22, 5000100, 1, 19.95, 15, 5,84.79
 10191,C74421,1044,2001-03-23, 5000784, 1, 22.99, 20, 2,36.78
 10192,C46253,1001,2001-03-24, 5000507, 1, 53.5, 15, 2,90.95
 10193,C757,1009,2001-03-24, 5000893, 1, 16.99, 10, 2,30.58
 10194,C50794,1045,2001-03-27, 5000896, 1, 99.99, 20, 2,159.98
 10195,C2222,1050,2001-03-29, 5001031, 1, 98.96, 5, 2,188.02
 10196,C27900,1035,2001-03-29, 5001080, 1, 43.95, 15, 2,74.72
 10197,C75153,1024,2001-03-29, 5000849, 1, 25.0, 15, 4,85
 10198,C24823,1030,2001-03-31, 5000820, 1, 22.75, 15, 4,77.35
 10199,C24823,1031,2001-03-31, 5000820, 2, 17.99, 15, 5,76.46
 10200,C22187,1029,2001-04-01, 5000600, 1, 21.48, 15, 2,36.52
 10201,C79548,1013,2001-04-03, 5001251, 1, 10.74, 5, 4,40.81
 10202,C17792,1014,2001-04-04, 5000201, 1, 17.49, 20, 5,69.96
 10203,C66584,1012,2001-04-04, 5000098, 1, 38.54, 10, 1,34.69
 10204,C72004,1043,2001-04-06, 5000582, 1, 24.99, 10, 4,89.96
 10205,C17939,1004,2001-04-07, 5000215, 1, 59.99, 15, 1,50.99
 10206,C17939,1021,2001-04-07, 5000215, 2, 24.99, 0, 3,74.97
 10207,C65778,1011,2001-04-08, 5000021, 1, 24.99, 5, 2,47.48
 10208,C49036,1019,2001-04-11, 5000754, 1, 79.7, 0, 1,79.7
 10209,C49036,1022,2001-04-11, 5000754, 2, 13.99, 5, 1,13.29
 10210,C49036,1033,2001-04-11, 5000754, 3, 19.95, 20, 3,47.88
 10211,C92994,1045,2001-04-12, 5000218, 1, 99.99, 0, 3,299.97
 10212,C69587,1041,2001-04-13, 5000360, 1, 28.94, 5, 3,82.48
 10213,C99878,1038,2001-04-15, 5000826, 1, 16.99, 10, 4,61.16
 10214,C464,1010,2001-04-16, 5000873, 1, 69.99, 15, 2,118.98
 10215,C27021,1003,2001-04-17, 5001009, 1, 12.99, 5, 3,37.02
 10216,C94898,1025,2001-04-19, 5000389, 1, 39.94, 5, 2,75.89
 10217,C46326,1034,2001-04-20, 5000517, 1, 8.49, 15, 2,14.43
 10218,C3101,1016,2001-04-22, 5001100, 1, 5.99, 10, 5,26.95
 10219,C94385,1053,2001-04-22, 5000343, 1, 93.0, 10, 1,83.7
 10220,C16620,1022,2001-04-25, 5000102, 1, 13.99, 10, 5,62.96
 10221,C16620,1053,2001-04-25, 5000102, 2, 93.0, 20, 3,223.2
 10222,C47791,1043,2001-04-25, 5000653, 1, 24.99, 10, 4,89.96
 10223,C47791,1045,2001-04-25, 5000653, 2, 99.99, 15, 1,84.99
 10224,C42005,1020,2001-04-27, 5000133, 1, 26.99, 15, 3,68.82
 10225,C48523,1044,2001-04-27, 5000719, 1, 22.99, 0, 1,22.99
 10226,C70685,1029,2001-04-30, 5000454, 1, 21.48, 5, 3,61.22
 10227,C92261,1046,2001-05-02, 5000155, 1, 183.17, 0, 2,366.34
 10228,C92261,1043,2001-05-02, 5000155, 2, 24.99, 5, 4,94.96
 10229,C98340,1019,2001-05-07, 5000698, 1, 79.7, 20, 4,255.04
 10230,C16327,1016,2001-05-09, 5000076, 1, 5.99, 5, 1,5.69
 10231,C43616,1051,2001-05-11, 5000277, 1, 122.37, 20, 4,391.58
 10232,C74421,1034,2001-05-11, 5000785, 1, 8.49, 15, 3,21.65
 10233,C18085,1011,2001-05-14, 5000226, 1, 24.99, 15, 2,42.48
 10234,C27241,1004,2001-05-23, 5001033, 1, 59.99, 10, 1,53.99
 10235,C27241,1028,2001-05-23, 5001033, 2, 4.5, 5, 2,8.55
 10236,C75446,1020,2001-05-23, 5000871, 1, 26.99, 15, 1,22.94
 10237,C47059,1030,2001-05-24, 5000588, 1, 22.75, 5, 1,21.61
 10238,C21381,1006,2001-05-28, 5000520, 1, 41.99, 5, 2,79.78
 10239,C91089,1031,2001-05-28, 5000049, 1, 17.99, 0, 4,71.96
 10240,C90943,1014,2001-06-01, 5000034, 1, 17.49, 5, 2,33.23
 10241,C50794,1044,2001-06-03, 5000897, 1, 22.99, 5, 2,43.68
 10242,C50794,1035,2001-06-03, 5000897, 2, 43.95, 0, 4,175.8
 10243,C28266,1036,2001-06-04, 5001120, 1, 28.24, 10, 2,50.83
 10244,C28266,1039,2001-06-04, 5001120, 2, 34.0, 20, 2,54.4
 10245,C49695,1038,2001-06-04, 5000812, 1, 16.99, 20, 4,54.37
 10246,C49695,1054,2001-06-04, 5000812, 2, 200.0, 5, 2,380
 10247,C977,1027,2001-06-04, 5000914, 1, 4.5, 10, 1,4.05
 10248,C53724,1022,2001-06-07, 5001177, 1, 13.99, 10, 5,62.96
 10249,C67316,1017,2001-06-08, 5000162, 1, 19.95, 15, 4,67.83
 10250,C67316,1019,2001-06-08, 5000162, 2, 79.7, 0, 1,79.7
 10251,C41931,1030,2001-06-11, 5000126, 1, 22.75, 15, 3,58.01
 10252,C41931,1032,2001-06-11, 5000126, 2, 4.5, 10, 2,8.1
 10253,C2295,1049,2001-06-12, 5001038, 1, 206.99, 15, 3,527.82
 10254,C2295,1052,2001-06-12, 5001038, 2, 107.96, 10, 4,388.66
 10255,C42884,1004,2001-06-12, 5000209, 1, 59.99, 15, 5,254.96
 10256,C42884,1030,2001-06-12, 5000209, 2, 22.75, 15, 5,96.69
 10257,C45667,1046,2001-06-12, 5000453, 1, 183.17, 0, 2,366.34
 10258,C45667,1035,2001-06-12, 5000453, 2, 43.95, 10, 2,79.11
 10259,C52698,1051,2001-06-12, 5001069, 1, 122.37, 15, 5,520.07
 10260,C52698,1039,2001-06-12, 5001069, 2, 34.0, 10, 2,61.2
 10261,C91748,1003,2001-06-12, 5000115, 1, 12.99, 15, 5,55.21
 10262,C18012,1012,2001-06-13, 5000222, 1, 38.54, 15, 2,65.52
 10263,C42224,1007,2001-06-13, 5000150, 1, 7.96, 20, 2,12.74
 10264,C48230,1042,2001-06-15, 5000692, 1, 89.99, 15, 5,382.46
 10265,C48230,1002,2001-06-15, 5000692, 2, 14.97, 10, 1,13.47
 10266,C77131,1042,2001-06-16, 5001022, 1, 89.99, 10, 4,323.96
 10267,C98047,1004,2001-06-17, 5000676, 1, 59.99, 5, 5,284.95
 10268,C98047,1036,2001-06-17, 5000676, 2, 28.24, 0, 5,141.2
 10269,C27021,1045,2001-06-18, 5001008, 1, 99.99, 5, 2,189.98
 10270,C73615,1011,2001-06-19, 5000727, 1, 24.99, 0, 4,99.96
 10271,C20136,1050,2001-06-20, 5000408, 1, 98.96, 10, 3,267.19
 10272,C50721,1010,2001-06-20, 5000891, 1, 69.99, 10, 4,251.96
 10273,C28559,1044,2001-06-22, 5001160, 1, 22.99, 15, 4,78.17
 10274,C49256,1047,2001-06-23, 5000772, 1, 56.95, 10, 1,51.26
 10275,C70832,1034,2001-06-23, 5000467, 1, 8.49, 20, 3,20.38
 10276,C78303,1038,2001-06-24, 5001125, 1, 16.99, 5, 4,64.56
 10277,C28119,1052,2001-06-26, 5001104, 1, 107.96, 10, 4,388.66
 10278,C77204,1022,2001-06-26, 5001028, 1, 13.99, 10, 5,62.96
 10279,C77204,1035,2001-06-26, 5001028, 2, 43.95, 15, 3,112.07
 10280,C25043,1050,2001-06-28, 5000841, 1, 98.96, 15, 2,168.23
 10281,C41199,1054,2001-06-29, 5000063, 1, 200.0, 10, 4,720
 10282,C20209,1027,2001-06-30, 5000417, 1, 4.5, 10, 4,16.2
 10283,C27094,1030,2001-07-03, 5001017, 1, 22.75, 10, 2,40.95
 10284,C43396,1035,2001-07-04, 5000260, 1, 43.95, 20, 2,70.32
 10285,C97828,1050,2001-07-06, 5000661, 1, 98.96, 10, 4,356.26
 10286,C45301,1017,2001-07-09, 5000423, 1, 19.95, 5, 3,56.86
 10287,C45301,1020,2001-07-09, 5000423, 2, 26.99, 5, 5,128.2
 10288,C21161,1041,2001-07-11, 5000495, 1, 28.94, 5, 1,27.49
 10289,C22992,1006,2001-07-11, 5000670, 1, 41.99, 0, 3,125.97
 10290,C18818,1023,2001-07-12, 5000299, 1, 29.99, 0, 2,59.98
 10291,C68634,1050,2001-07-12, 5000281, 1, 98.96, 10, 2,178.13
 10292,C68634,1028,2001-07-12, 5000281, 2, 4.5, 10, 5,20.25
 10293,C42151,1030,2001-07-13, 5000142, 1, 22.75, 5, 2,43.23
 10294,C3028,1008,2001-07-17, 5001090, 1, 62.88, 5, 3,179.21
 10295,C18891,1024,2001-07-18, 5000305, 1, 25.0, 10, 1,22.5
 10296,C93653,1010,2001-07-20, 5000282, 1, 69.99, 5, 5,332.45
 10297,C42810,1029,2001-07-21, 5000202, 1, 21.48, 10, 3,58
 10298,C96949,1001,2001-07-21, 5000574, 1, 53.5, 5, 2,101.65
 10299,C72590,1019,2001-07-30, 5000637, 1, 79.7, 10, 4,286.92
 10300,C75886,1025,2001-08-02, 5000909, 1, 39.94, 15, 4,135.8
 10301,C44129,1002,2001-08-03, 5000319, 1, 14.97, 5, 4,56.89
 10302,C51087,1012,2001-08-03, 5000920, 1, 38.54, 15, 2,65.52
 10303,C78669,1047,2001-08-03, 5001169, 1, 56.95, 0, 5,284.75
 10304,C70758,1032,2001-08-04, 5000459, 1, 4.5, 10, 1,4.05
 10305,C70758,1002,2001-08-04, 5000459, 2, 14.97, 20, 3,35.93
 10306,C78303,1015,2001-08-04, 5001126, 1, 8.0, 15, 2,13.6
 10307,C98999,1041,2001-08-04, 5000752, 1, 28.94, 10, 5,130.23
 10308,C53138,1003,2001-08-05, 5001106, 1, 12.99, 20, 4,41.57
 10309,C78449,1003,2001-08-07, 5001145, 1, 12.99, 15, 3,33.12
 10310,C78449,1042,2001-08-07, 5001145, 2, 89.99, 0, 5,449.95
 10311,C19330,1037,2001-08-08, 5000339, 1, 54.94, 0, 4,219.76
 10312,C20282,1010,2001-08-10, 5000421, 1, 69.99, 5, 2,132.98
 10313,C245,1014,2001-08-10, 5000859, 1, 17.49, 15, 1,14.87
 10314,C40760,1001,2001-08-11, 5000016, 1, 53.5, 15, 3,136.43
 10315,C73542,1006,2001-08-12, 5000720, 1, 41.99, 15, 4,142.77
 10316,C73542,1024,2001-08-12, 5000720, 2, 25.0, 5, 4,95
 10317,C43470,1001,2001-08-19, 5000265, 1, 53.5, 10, 2,96.3
 10318,C26581,1009,2001-08-20, 5000969, 1, 16.99, 20, 5,67.96
 10319,C70173,1031,2001-08-21, 5000413, 1, 17.99, 10, 2,32.38
 10320,C28632,1006,2001-08-25, 5001165, 1, 41.99, 0, 1,41.99
 10321,C28632,1019,2001-08-25, 5001165, 2, 79.7, 10, 3,215.19
 10322,C54749,1044,2001-08-27, 5001274, 1, 22.99, 10, 2,41.38
 10323,C70612,1047,2001-08-27, 5000446, 1, 56.95, 15, 3,145.22
 10324,C21894,1012,2001-09-02, 5000570, 1, 38.54, 15, 3,98.28
 10325,C51526,1029,2001-09-02, 5000960, 1, 21.48, 15, 3,54.77
 10326,C48230,1005,2001-09-04, 5000693, 1, 26.99, 5, 4,102.56
 10327,C70099,1049,2001-09-06, 5000405, 1, 206.99, 10, 1,186.29
 10328,C27167,1042,2001-09-07, 5001025, 1, 89.99, 15, 4,305.97
 10329,C29145,1040,2001-09-07, 5001217, 1, 32.12, 5, 1,30.51
 10330,C51380,1046,2001-09-08, 5000944, 1, 183.17, 15, 3,467.08
 10331,C51380,1045,2001-09-08, 5000944, 2, 99.99, 10, 4,359.96
 10332,C1856,1033,2001-09-10, 5000995, 1, 19.95, 10, 3,53.86
 10333,C76398,1009,2001-09-10, 5000946, 1, 16.99, 15, 4,57.77
 10334,C50574,1027,2001-09-13, 5000880, 1, 4.5, 5, 3,12.82
 10335,C46473,1009,2001-09-14, 5000531, 1, 16.99, 5, 3,48.42
 10336,C46473,1036,2001-09-14, 5000531, 2, 28.24, 0, 3,84.72
 10337,C21235,1015,2001-09-15, 5000506, 1, 8.0, 15, 1,6.8
 10338,C21235,1029,2001-09-15, 5000506, 2, 21.48, 10, 3,58
 10339,C28486,1014,2001-09-15, 5001150, 1, 17.49, 0, 4,69.96
 10340,C28486,1035,2001-09-15, 5001150, 2, 43.95, 0, 1,43.95
 10341,C74421,1013,2001-09-16, 5000787, 1, 10.74, 5, 3,30.61
 10342,C95923,1002,2001-09-19, 5000473, 1, 14.97, 15, 5,63.62
 10343,C73615,1036,2001-09-23, 5000726, 1, 28.24, 0, 1,28.24
 10344,C44202,1034,2001-09-24, 5000327, 1, 8.49, 10, 3,22.92
 10345,C44202,1036,2001-09-24, 5000327, 2, 28.24, 15, 3,72.01
 10346,C18305,1054,2001-09-26, 5000246, 1, 200.0, 5, 4,760
 10347,C46180,1045,2001-09-29, 5000498, 1, 99.99, 10, 1,89.99
 10348,C1417,1021,2001-09-30, 5000947, 1, 24.99, 10, 4,89.96
 10349,C1417,1046,2001-09-30, 5000947, 2, 183.17, 15, 4,622.78
 10350,C29365,1053,2001-10-02, 5001235, 1, 93.0, 5, 3,265.05
 10351,C27680,1034,2001-10-05, 5001068, 1, 8.49, 15, 3,21.65
 10352,C76105,1051,2001-10-07, 5000922, 1, 122.37, 15, 4,416.06
 10353,C68634,1027,2001-10-08, 5000279, 1, 4.5, 5, 1,4.27
 10354,C70978,1024,2001-10-10, 5000476, 1, 25.0, 5, 2,47.5
 10355,C23359,1018,2001-10-11, 5000699, 1, 44.99, 5, 2,85.48
 10356,C18378,1015,2001-10-12, 5000257, 1, 8.0, 5, 2,15.2
 10357,C78522,1023,2001-10-12, 5001154, 1, 29.99, 10, 5,134.95
 10358,C42224,1036,2001-10-13, 5000152, 1, 28.24, 5, 3,80.48
 10359,C92188,1001,2001-10-14, 5000146, 1, 53.5, 10, 3,144.45
 10360,C66144,1032,2001-10-15, 5000052, 1, 4.5, 5, 5,21.37
 10361,C22406,1030,2001-10-16, 5000622, 1, 22.75, 15, 3,58.01
 10362,C78962,1011,2001-10-18, 5001195, 1, 24.99, 15, 4,84.97
 10363,C22333,1005,2001-10-19, 5000617, 1, 26.99, 5, 2,51.28
 10364,C41492,1001,2001-10-20, 5000092, 1, 53.5, 5, 2,101.65
 10365,C41492,1031,2001-10-20, 5000092, 2, 17.99, 20, 3,43.18
 10366,C50135,1013,2001-10-20, 5000846, 1, 10.74, 10, 2,19.33
 10367,C50135,1029,2001-10-20, 5000846, 2, 21.48, 15, 5,91.29
 10368,C50135,1051,2001-10-20, 5000846, 3, 122.37, 5, 3,348.75
 10369,C28046,1025,2001-10-22, 5001093, 1, 39.94, 0, 2,79.88
 10370,C75080,1027,2001-10-22, 5000843, 1, 4.5, 20, 4,14.4
 10371,C26728,1017,2001-10-27, 5000980, 1, 19.95, 5, 2,37.9
 10372,C92920,1014,2001-10-27, 5000213, 1, 17.49, 5, 3,49.85
 10373,C92920,1019,2001-10-27, 5000213, 2, 79.7, 20, 5,318.8
 10374,C99219,1039,2001-10-28, 5000770, 1, 34.0, 15, 4,115.6
 10375,C99219,1000,2001-10-28, 5000770, 2, 1000.0, 5, 3,2850
 10376,C74567,1037,2001-10-29, 5000803, 1, 54.94, 10, 3,148.34
 10377,C54676,1008,2001-10-30, 5001265, 1, 62.88, 15, 1,53.45
 10378,C54676,1044,2001-10-30, 5001265, 2, 22.99, 15, 2,39.08
 10379,C78742,1006,2001-10-30, 5001181, 1, 41.99, 10, 5,188.96
 10380,C78742,1040,2001-10-30, 5001181, 2, 32.12, 5, 4,122.06
 10381,C28412,1049,2001-10-31, 5001141, 1, 206.99, 15, 3,527.82
 10382,C43030,1034,2001-10-31, 5000224, 1, 8.49, 20, 1,6.79
 10383,C43030,1042,2001-10-31, 5000224, 2, 89.99, 10, 2,161.98
 10384,C95191,1017,2001-10-31, 5000416, 1, 19.95, 5, 1,18.95
 10385,C95191,1011,2001-10-31, 5000416, 2, 24.99, 10, 2,44.98
 10386,C95191,1037,2001-10-31, 5000416, 3, 54.94, 20, 4,175.81
 10387,C52039,1026,2001-11-02, 5001012, 1, 18.15, 5, 3,51.73
 10388,C65924,1020,2001-11-03, 5000031, 1, 26.99, 0, 5,134.95
 10389,C71271,1019,2001-11-03, 5000509, 1, 79.7, 15, 1,67.75
 10390,C71271,1041,2001-11-03, 5000509, 2, 28.94, 0, 4,115.76
 10391,C3467,1037,2001-11-06, 5001148, 1, 54.94, 15, 1,46.7
 10392,C2735,1013,2001-11-08, 5001074, 1, 10.74, 5, 4,40.81
 10393,C94605,1001,2001-11-08, 5000362, 1, 53.5, 5, 3,152.47
 10394,C94605,1021,2001-11-08, 5000362, 2, 24.99, 15, 5,106.21
 10395,C98487,1052,2001-11-12, 5000715, 1, 107.96, 15, 4,367.06
 10396,C28998,1034,2001-11-14, 5001199, 1, 8.49, 5, 1,8.07
 10397,C28998,1053,2001-11-14, 5001199, 2, 93.0, 10, 5,418.5
 10398,C48890,1024,2001-11-14, 5000743, 1, 25.0, 10, 2,45
 10399,C96509,1017,2001-11-14, 5000536, 1, 19.95, 10, 2,35.91
 10400,C68048,1025,2001-11-15, 5000225, 1, 39.94, 20, 3,95.86
 10401,C18744,1019,2001-11-19, 5000291, 1, 79.7, 10, 3,215.19
 10402,C18744,1027,2001-11-19, 5000291, 2, 4.5, 0, 3,13.5
 10403,C2955,1041,2001-11-25, 5001085, 1, 28.94, 20, 3,69.46
 10404,C1490,1048,2001-11-28, 5000956, 1, 104.49, 5, 4,397.06
 10405,C1490,1044,2001-11-28, 5000956, 2, 22.99, 10, 3,62.07
 10406,C98707,1024,2001-11-28, 5000734, 1, 25.0, 20, 2,40
 10407,C73542,1052,2001-11-30, 5000722, 1, 107.96, 10, 3,291.49
 10408,C1270,1021,2001-12-01, 5000933, 1, 24.99, 15, 3,63.72
 10409,C79548,1052,2001-12-02, 5001250, 1, 107.96, 10, 5,485.82
 10410,C40613,1032,2001-12-03, 5000005, 1, 4.5, 15, 5,19.12
 10411,C50135,1020,2001-12-04, 5000847, 1, 26.99, 0, 4,107.96
 10412,C78376,1005,2001-12-04, 5001133, 1, 26.99, 10, 1,24.29
 10413,C25849,1041,2001-12-05, 5000905, 1, 28.94, 15, 2,49.2
 10414,C92627,1043,2001-12-05, 5000185, 1, 24.99, 15, 5,106.21
 10415,C78376,1018,2001-12-08, 5001135, 1, 44.99, 5, 1,42.74
 10416,C26215,1009,2001-12-13, 5000931, 1, 16.99, 20, 2,27.18
 10417,C22187,1012,2001-12-15, 5000601, 1, 38.54, 15, 5,163.8
 10418,C2442,1026,2001-12-16, 5001051, 1, 18.15, 15, 1,15.43
 10419,C45447,1044,2001-12-16, 5000435, 1, 22.99, 10, 4,82.76
 10420,C46106,1010,2001-12-16, 5000488, 1, 69.99, 10, 1,62.99
 10421,C69440,1039,2001-12-16, 5000346, 1, 34.0, 10, 3,91.8
 10422,C19770,1011,2001-12-17, 5000378, 1, 24.99, 10, 4,89.96
 10423,C71784,1032,2001-12-17, 5000557, 1, 4.5, 0, 3,13.5
 10424,C17646,1032,2001-12-18, 5000186, 1, 4.5, 5, 3,12.82
 10425,C3687,1031,2001-12-18, 5001172, 1, 17.99, 10, 5,80.95
 10426,C94898,1029,2001-12-19, 5000390, 1, 21.48, 5, 3,61.22
 10427,C16767,1019,2001-12-21, 5000117, 1, 79.7, 10, 3,215.19
 10428,C71564,1042,2001-12-21, 5000539, 1, 89.99, 15, 3,229.47
 10429,C27973,1025,2001-12-22, 5001086, 1, 39.94, 10, 2,71.89
 10430,C70905,1050,2001-12-22, 5000471, 1, 98.96, 5, 5,470.06
 10431,C17499,1054,2001-12-23, 5000174, 1, 200.0, 10, 3,540
 10432,C97535,1046,2001-12-23, 5000633, 1, 183.17, 10, 5,824.26
 10433,C15741,1005,2001-12-27, 5000014, 1, 26.99, 15, 2,45.88
 10434,C46326,1046,2001-12-30, 5000516, 1, 183.17, 10, 4,659.41
 10435,C46326,1029,2001-12-30, 5000516, 2, 21.48, 15, 4,73.03
 10436,C52479,1029,2002-01-01, 5001053, 1, 21.48, 5, 4,81.62
 10437,C94678,1031,2002-01-04, 5000367, 1, 17.99, 20, 2,28.78
 10438,C94678,1016,2002-01-04, 5000367, 2, 5.99, 0, 3,17.97
 10439,C98121,1012,2002-01-04, 5000686, 1, 38.54, 20, 4,123.33
 10440,C99512,1021,2002-01-06, 5000798, 1, 24.99, 15, 1,21.24
 10441,C16767,1014,2002-01-08, 5000116, 1, 17.49, 15, 3,44.6
 10442,C70026,1014,2002-01-10, 5000402, 1, 17.49, 20, 2,27.98
 10443,C94825,1037,2002-01-10, 5000382, 1, 54.94, 15, 3,140.1
 10444,C92701,1028,2002-01-13, 5000193, 1, 4.5, 10, 3,12.15
 10445,C43177,1041,2002-01-15, 5000236, 1, 28.94, 15, 3,73.8
 10446,C73468,1019,2002-01-20, 5000712, 1, 79.7, 0, 3,239.1
 10447,C73468,1054,2002-01-20, 5000712, 2, 200.0, 10, 2,360
 10448,C66730,1024,2002-01-29, 5000113, 1, 25.0, 15, 5,106.25
 10449,C41053,1032,2002-02-02, 5000045, 1, 4.5, 20, 2,7.2
 10450,C67682,1010,2002-02-02, 5000191, 1, 69.99, 15, 4,237.97
 10451,C67682,1025,2002-02-02, 5000191, 2, 39.94, 10, 4,143.78
 10452,C17206,1011,2002-02-03, 5000148, 1, 24.99, 0, 5,124.95
 10453,C53650,1043,2002-02-04, 5001168, 1, 24.99, 10, 2,44.98
 10454,C26581,1016,2002-02-05, 5000967, 1, 5.99, 15, 3,15.27
 10455,C79035,1043,2002-02-06, 5001205, 1, 24.99, 20, 3,59.98
 10456,C79035,1022,2002-02-06, 5001205, 2, 13.99, 10, 1,12.59
 10457,C68634,1024,2002-02-07, 5000280, 1, 25.0, 0, 2,50
 10458,C24531,1008,2002-02-08, 5000799, 1, 62.88, 15, 2,106.9
 10459,C29365,1030,2002-02-09, 5001236, 1, 22.75, 15, 3,58.01
 10460,C97535,1027,2002-02-13, 5000632, 1, 4.5, 15, 4,15.3
 10461,C18158,1023,2002-02-15, 5000234, 1, 29.99, 20, 3,71.98
 10462,C78449,1005,2002-02-15, 5001146, 1, 26.99, 0, 1,26.99
 10463,C54236,1014,2002-02-16, 5001225, 1, 17.49, 10, 3,47.22
 10464,C54236,1011,2002-02-16, 5001225, 2, 24.99, 10, 4,89.96
 10465,C50794,1039,2002-02-18, 5000898, 1, 34.0, 10, 4,122.4
 10466,C51600,1002,2002-02-18, 5000972, 1, 14.97, 10, 5,67.37
 10467,C78596,1001,2002-02-18, 5001164, 1, 53.5, 15, 2,90.95
 10468,C78596,1056,2002-02-18, 5001164, 2, 2123.0, 0, 4,8492
 10469,C28705,1041,2002-02-19, 5001175, 1, 28.94, 20, 1,23.15
 10470,C72223,1029,2002-02-20, 5000606, 1, 21.48, 0, 3,64.44
 10471,C25116,1029,2002-02-21, 5000845, 1, 21.48, 10, 3,58
 10472,C72736,1026,2002-02-26, 5000651, 1, 18.15, 15, 5,77.14
 10473,C94532,1049,2002-02-28, 5000356, 1, 206.99, 10, 4,745.16
 10474,C67170,1053,2002-03-02, 5000143, 1, 93.0, 0, 3,279
 10475,C92847,1003,2002-03-02, 5000203, 1, 12.99, 0, 1,12.99
 10476,C73468,1025,2002-03-06, 5000714, 1, 39.94, 10, 3,107.84
 10477,C27241,1039,2002-03-07, 5001034, 1, 34.0, 10, 1,30.6
 10478,C27241,1019,2002-03-07, 5001034, 2, 79.7, 5, 4,302.86
 10479,C44788,1045,2002-03-09, 5000380, 1, 99.99, 10, 4,359.96
 10480,C42224,1039,2002-03-12, 5000151, 1, 34.0, 0, 2,68
 10481,C42224,1015,2002-03-12, 5000151, 2, 8.0, 0, 4,32
 10482,C42224,1022,2002-03-12, 5000151, 3, 13.99, 15, 4,47.57
 10483,C72370,1011,2002-03-13, 5000620, 1, 24.99, 0, 3,74.97
 10484,C72370,1018,2002-03-13, 5000620, 2, 44.99, 15, 2,76.48
 10485,C29511,1005,2002-03-15, 5001247, 1, 26.99, 5, 3,76.92
 10486,C20722,1005,2002-03-17, 5000456, 1, 26.99, 15, 5,114.71
 10487,C23505,1019,2002-03-18, 5000717, 1, 79.7, 0, 4,318.8
 10488,C23505,1048,2002-03-18, 5000717, 2, 104.49, 10, 4,376.16
 10489,C51160,1019,2002-03-18, 5000927, 1, 79.7, 5, 5,378.58
 10490,C71418,1017,2002-03-18, 5000524, 1, 19.95, 0, 3,59.85
 10491,C24091,1040,2002-03-20, 5000759, 1, 32.12, 20, 2,51.39
 10492,C53577,1038,2002-03-20, 5001162, 1, 16.99, 0, 3,50.97
 10493,C53577,1042,2002-03-20, 5001162, 2, 89.99, 15, 2,152.98
 10494,C77717,1048,2002-03-21, 5001072, 1, 104.49, 0, 2,208.98
 10495,C19257,1048,2002-03-25, 5000331, 1, 104.49, 0, 3,313.47
 10496,C28119,1033,2002-03-26, 5001101, 1, 19.95, 0, 4,79.8
 10497,C98414,1046,2002-03-30, 5000708, 1, 183.17, 5, 3,522.03
 10498,C16327,1017,2002-03-31, 5000075, 1, 19.95, 0, 2,39.9
 10499,C91162,1001,2002-03-31, 5000054, 1, 53.5, 5, 2,101.65
 10500,C23871,1005,2002-04-01, 5000742, 1, 26.99, 5, 3,76.92
 10501,C96070,1030,2002-04-02, 5000484, 1, 22.75, 15, 4,77.35
 10502,C23066,1047,2002-04-05, 5000680, 1, 56.95, 10, 3,153.77
 10503,C27387,1004,2002-04-05, 5001046, 1, 59.99, 10, 1,53.99
 10504,C71637,1011,2002-04-06, 5000547, 1, 24.99, 0, 3,74.97
 10505,C71637,1032,2002-04-06, 5000547, 2, 4.5, 0, 5,22.5
 10506,C76618,1014,2002-04-07, 5000973, 1, 17.49, 5, 3,49.85
 10507,C18158,1009,2002-04-08, 5000233, 1, 16.99, 5, 3,48.42
 10508,C41199,1028,2002-04-08, 5000061, 1, 4.5, 5, 3,12.82
 10509,C43177,1020,2002-04-08, 5000235, 1, 26.99, 20, 1,21.59
 10510,C46473,1044,2002-04-08, 5000529, 1, 22.99, 0, 3,68.97
 10511,C93286,1013,2002-04-12, 5000244, 1, 10.74, 20, 2,17.18
 10512,C93286,1049,2002-04-12, 5000244, 2, 206.99, 10, 5,931.46
 10513,C41272,1040,2002-04-13, 5000072, 1, 32.12, 10, 2,57.82
 10514,C73981,1040,2002-04-17, 5000751, 1, 32.12, 10, 3,86.72
 10515,C97608,1032,2002-04-20, 5000638, 1, 4.5, 5, 4,17.1
 10516,C70758,1009,2002-04-22, 5000461, 1, 16.99, 10, 3,45.87
 10517,C50647,1031,2002-04-24, 5000885, 1, 17.99, 20, 4,57.57
 10518,C51453,1008,2002-04-24, 5000951, 1, 62.88, 20, 3,150.91
 10519,C51453,1041,2002-04-24, 5000951, 2, 28.94, 15, 3,73.8
 10520,C97608,1049,2002-04-26, 5000639, 1, 206.99, 20, 4,662.37
 10521,C98926,1021,2002-04-27, 5000747, 1, 24.99, 10, 4,89.96
 10522,C20502,1019,2002-05-01, 5000437, 1, 79.7, 15, 5,338.73
 10523,C391,1048,2002-05-01, 5000868, 1, 104.49, 10, 2,188.08
 10524,C43763,1036,2002-05-02, 5000293, 1, 28.24, 15, 3,72.01
 10525,C43763,1040,2002-05-02, 5000293, 2, 32.12, 15, 2,54.6
 10526,C43543,1054,2002-05-04, 5000272, 1, 200.0, 15, 3,510
 10527,C20136,1012,2002-05-05, 5000409, 1, 38.54, 5, 4,146.45
 10528,C98047,1034,2002-05-12, 5000678, 1, 8.49, 10, 1,7.64
 10529,C27826,1018,2002-05-19, 5001075, 1, 44.99, 20, 2,71.98
 10530,C42444,1012,2002-05-19, 5000171, 1, 38.54, 10, 3,104.06
 10531,C69513,1016,2002-05-19, 5000353, 1, 5.99, 5, 4,22.76
 10532,C69733,1016,2002-05-20, 5000373, 1, 5.99, 20, 2,9.58
 10533,C72077,1052,2002-05-20, 5000591, 1, 107.96, 10, 3,291.49
 10534,C44641,1040,2002-05-22, 5000363, 1, 32.12, 0, 1,32.12
 10535,C51087,1041,2002-05-28, 5000921, 1, 28.94, 15, 3,73.8
 10536,C77717,1011,2002-05-28, 5001070, 1, 24.99, 10, 2,44.98
 10537,C42591,1014,2002-05-29, 5000181, 1, 17.49, 5, 4,66.46
 10538,C76618,1038,2002-05-29, 5000975, 1, 16.99, 5, 4,64.56
 10539,C99219,1041,2002-05-29, 5000769, 1, 28.94, 15, 2,49.2
 10540,C99219,1027,2002-05-29, 5000769, 2, 4.5, 10, 1,4.05
 10541,C97828,1014,2002-05-30, 5000659, 1, 17.49, 15, 2,29.73
 10542,C97828,1027,2002-05-30, 5000659, 2, 4.5, 10, 4,16.2
 10543,C19257,1008,2002-06-01, 5000332, 1, 62.88, 15, 4,213.79
 10544,C69001,1011,2002-06-01, 5000310, 1, 24.99, 5, 4,94.96
 10545,C68488,1033,2002-06-03, 5000267, 1, 19.95, 15, 4,67.83
 10546,C2002,1021,2002-06-04, 5001007, 1, 24.99, 15, 1,21.24
 10547,C43177,1049,2002-06-04, 5000238, 1, 206.99, 5, 3,589.92
 10548,C24238,1038,2002-06-07, 5000771, 1, 16.99, 15, 1,14.44
 10549,C24970,1033,2002-06-08, 5000835, 1, 19.95, 10, 5,89.77
 10550,C44641,1015,2002-06-08, 5000364, 1, 8.0, 0, 4,32
 10551,C95557,1015,2002-06-14, 5000442, 1, 8.0, 15, 5,34
 10552,C95557,1039,2002-06-14, 5000442, 2, 34.0, 10, 1,30.6
 10553,C91309,1046,2002-06-16, 5000074, 1, 183.17, 15, 2,311.39
 10554,C25043,1046,2002-06-17, 5000840, 1, 183.17, 15, 5,778.47
 10555,C96949,1048,2002-06-17, 5000576, 1, 104.49, 15, 4,355.27
 10556,C40760,1024,2002-06-18, 5000018, 1, 25.0, 5, 2,47.5
 10557,C18158,1048,2002-06-19, 5000232, 1, 104.49, 5, 2,198.53
 10558,C25556,1026,2002-06-20, 5000879, 1, 18.15, 10, 4,65.34
 10559,C25556,1016,2002-06-20, 5000879, 2, 5.99, 5, 3,17.07
 10560,C45374,1000,2002-06-20, 5000427, 1, 1000.0, 5, 3,2850
 10561,C46619,1002,2002-06-21, 5000546, 1, 14.97, 5, 4,56.89
 10562,C46619,1008,2002-06-21, 5000546, 2, 62.88, 15, 3,160.34
 10563,C52625,1019,2002-06-21, 5001064, 1, 79.7, 5, 3,227.15
 10564,C79035,1042,2002-06-21, 5001202, 1, 89.99, 5, 4,341.96
 10565,C79035,1051,2002-06-21, 5001202, 2, 122.37, 20, 3,293.69
 10566,C78596,1050,2002-06-22, 5001163, 1, 98.96, 15, 1,84.12
 10567,C4200,1054,2002-06-26, 5001219, 1, 200.0, 0, 4,800
 10568,C52112,1011,2002-06-26, 5001019, 1, 24.99, 5, 1,23.74
 10569,C52112,1015,2002-06-26, 5001019, 2, 8.0, 5, 3,22.8
 10570,C3321,1008,2002-06-28, 5001129, 1, 62.88, 20, 1,50.3
 10571,C3174,1011,2002-06-30, 5001110, 1, 24.99, 10, 1,22.49
 10572,C71930,1050,2002-06-30, 5000573, 1, 98.96, 0, 1,98.96
 10573,C16181,1051,2002-07-01, 5000059, 1, 122.37, 15, 1,104.01
 10574,C18964,1010,2002-07-01, 5000309, 1, 69.99, 20, 3,167.98
 10575,C18964,1027,2002-07-01, 5000309, 2, 4.5, 10, 3,12.15
 10576,C72663,1027,2002-07-05, 5000642, 1, 4.5, 15, 3,11.47
 10577,C98633,1040,2002-07-05, 5000731, 1, 32.12, 5, 2,61.03
 10578,C98633,1022,2002-07-05, 5000731, 2, 13.99, 5, 5,66.45
 10579,C70832,1053,2002-07-06, 5000466, 1, 93.0, 10, 4,334.8
 10580,C70832,1020,2002-07-06, 5000466, 2, 26.99, 5, 1,25.64
 10581,C44056,1036,2002-07-08, 5000314, 1, 28.24, 5, 1,26.83
 10582,C71784,1036,2002-07-09, 5000556, 1, 28.24, 15, 4,96.02
 10583,C71491,1047,2002-07-10, 5000532, 1, 56.95, 10, 2,102.51
 10584,C95337,1028,2002-07-11, 5000424, 1, 4.5, 5, 4,17.1
 10585,C22553,1043,2002-07-17, 5000634, 1, 24.99, 5, 2,47.48
 10586,C98414,1024,2002-07-17, 5000707, 1, 25.0, 10, 3,67.5
 10587,C98414,1016,2002-07-17, 5000707, 2, 5.99, 0, 3,17.97
 10588,C78815,1020,2002-07-19, 5001186, 1, 26.99, 5, 4,102.56
 10589,C69953,1004,2002-07-22, 5000394, 1, 59.99, 20, 4,191.97
 10590,C16620,1047,2002-07-26, 5000101, 1, 56.95, 15, 1,48.41
 10591,C16620,1019,2002-07-26, 5000101, 2, 79.7, 5, 3,227.15
 10592,C79474,1045,2002-08-02, 5001243, 1, 99.99, 20, 4,319.97
 10593,C79474,1013,2002-08-02, 5001243, 2, 10.74, 0, 4,42.96
 10594,C74860,1052,2002-08-03, 5000821, 1, 107.96, 10, 2,194.33
 10595,C95630,1024,2002-08-03, 5000447, 1, 25.0, 10, 4,90
 10596,C76911,1011,2002-08-04, 5000999, 1, 24.99, 0, 4,99.96
 10597,C76911,1016,2002-08-04, 5000999, 2, 5.99, 10, 3,16.17
 10598,C76838,1038,2002-08-05, 5000993, 1, 16.99, 5, 2,32.28
 10599,C77570,1043,2002-08-05, 5001057, 1, 24.99, 15, 1,21.24
 10600,C77570,1003,2002-08-05, 5001057, 2, 12.99, 0, 1,12.99
 10601,C77570,1019,2002-08-05, 5001058, 1, 79.7, 15, 2,135.49
 10602,C94751,1051,2002-08-06, 5000376, 1, 122.37, 5, 3,348.75
 10603,C2881,1022,2002-08-08, 5001077, 1, 13.99, 5, 4,53.16
 10604,C2881,1020,2002-08-08, 5001077, 2, 26.99, 10, 2,48.58
 10605,C2881,1040,2002-08-08, 5001077, 3, 32.12, 20, 5,128.48
 10606,C2881,1026,2002-08-08, 5001077, 4, 18.15, 10, 4,65.34
 10607,C29072,1021,2002-08-10, 5001209, 1, 24.99, 0, 2,49.98
 10608,C29072,1020,2002-08-10, 5001209, 2, 26.99, 0, 4,107.96
 10609,C76471,1047,2002-08-11, 5000954, 1, 56.95, 15, 3,145.22
 10610,C68195,1032,2002-08-12, 5000240, 1, 4.5, 15, 4,15.3
 10611,C22040,1041,2002-08-13, 5000586, 1, 28.94, 0, 1,28.94
 10612,C44568,1035,2002-08-13, 5000359, 1, 43.95, 10, 5,197.78
 10613,C95411,1036,2002-08-15, 5000430, 1, 28.24, 10, 5,127.08
 10614,C21235,1009,2002-08-18, 5000505, 1, 16.99, 10, 3,45.87
 10615,C77057,1002,2002-08-25, 5001015, 1, 14.97, 0, 1,14.97
 10616,C92481,1029,2002-08-25, 5000173, 1, 21.48, 0, 2,42.96
 10617,C92481,1050,2002-08-25, 5000173, 2, 98.96, 10, 3,267.19
 10618,C40686,1036,2002-08-26, 5000010, 1, 28.24, 10, 4,101.66
 10619,C78303,1020,2002-08-29, 5001123, 1, 26.99, 5, 1,25.64
 10620,C70539,1016,2002-08-30, 5000439, 1, 5.99, 15, 4,20.37
 10621,C74787,1018,2002-08-31, 5000817, 1, 44.99, 5, 1,42.74
 10622,C26948,1013,2002-09-05, 5001002, 1, 10.74, 15, 2,18.26
 10623,C53431,1012,2002-09-05, 5001143, 1, 38.54, 5, 1,36.61
 10624,C99439,1006,2002-09-08, 5000789, 1, 41.99, 5, 3,119.67
 10625,C54529,1043,2002-09-15, 5001249, 1, 24.99, 0, 4,99.96
 10626,C21088,1047,2002-09-20, 5000485, 1, 56.95, 0, 4,227.8
 10627,C69220,1010,2002-09-22, 5000330, 1, 69.99, 15, 3,178.47
 10628,C17279,1005,2002-09-24, 5000157, 1, 26.99, 10, 3,72.87
 10629,C17279,1014,2002-09-24, 5000157, 2, 17.49, 5, 2,33.23
 10630,C78669,1022,2002-09-27, 5001170, 1, 13.99, 5, 4,53.16
 10631,C78669,1043,2002-09-27, 5001170, 2, 24.99, 10, 3,67.47
 10632,C78669,1017,2002-09-27, 5001170, 3, 19.95, 15, 3,50.87
 10633,C95923,1051,2002-09-27, 5000472, 1, 122.37, 10, 2,220.27
 10634,C318,1052,2002-09-30, 5000865, 1, 107.96, 10, 4,388.66
 10635,C54749,1037,2002-09-30, 5001271, 1, 54.94, 20, 2,87.9
 10636,C28046,1053,2002-10-01, 5001094, 1, 93.0, 20, 3,223.2
 10637,C41712,1033,2002-10-01, 5000110, 1, 19.95, 10, 2,35.91
 10638,C4346,1034,2002-10-01, 5001233, 1, 8.49, 15, 2,14.43
 10639,C67682,1037,2002-10-01, 5000190, 1, 54.94, 20, 1,43.95
 10640,C16254,1020,2002-10-03, 5000067, 1, 26.99, 15, 2,45.88
 10641,C21381,1011,2002-10-06, 5000521, 1, 24.99, 15, 4,84.97
 10642,1.0,1033,2002-10-07, 5001280, 1, 19.95, 5, 2,37.9
 10643,C97828,1044,2002-10-07, 5000660, 1, 22.99, 20, 3,55.18
 10644,C52039,1007,2002-10-10, 5001013, 1, 7.96, 5, 2,15.12
 10645,C3394,1014,2002-10-13, 5001136, 1, 17.49, 0, 3,52.47
 10646,C3394,1021,2002-10-13, 5001136, 2, 24.99, 15, 4,84.97
 10647,C70173,1039,2002-10-13, 5000412, 1, 34.0, 20, 2,54.4
 10648,C28852,1051,2002-10-14, 5001190, 1, 122.37, 20, 2,195.79
 10649,C16400,1005,2002-10-15, 5000082, 1, 26.99, 20, 2,43.18
 10650,C29291,1044,2002-10-15, 5001230, 1, 22.99, 15, 4,78.17
 10651,C29291,1027,2002-10-15, 5001230, 2, 4.5, 5, 4,17.1
 10652,C69513,1024,2002-10-18, 5000352, 1, 25.0, 15, 4,85
 10653,C93286,1034,2002-10-19, 5000245, 1, 8.49, 10, 2,15.28
 10654,C49549,1049,2002-10-20, 5000800, 1, 206.99, 15, 1,175.94
 10655,C49549,1004,2002-10-20, 5000800, 2, 59.99, 5, 3,170.97
 10656,C79401,1027,2002-10-20, 5001240, 1, 4.5, 15, 1,3.82
 10657,C79401,1039,2002-10-20, 5001240, 2, 34.0, 0, 2,68
 10658,C42298,1013,2002-10-21, 5000161, 1, 10.74, 15, 4,36.52
 10659,C51307,1048,2002-10-22, 5000937, 1, 104.49, 10, 2,188.08
 10660,C18744,1026,2002-10-23, 5000290, 1, 18.15, 5, 5,86.21
 10661,C245,1022,2002-10-24, 5000858, 1, 13.99, 0, 4,55.96
 10662,C44275,1037,2002-10-25, 5000334, 1, 54.94, 15, 2,93.4
 10663,C538,1030,2002-10-25, 5000877, 1, 22.75, 5, 3,64.84
 10664,C4493,1007,2002-10-27, 5001246, 1, 7.96, 5, 1,7.56
 10665,C18451,1025,2002-10-30, 5000263, 1, 39.94, 5, 2,75.89
 10666,C99439,1035,2002-11-02, 5000788, 1, 43.95, 0, 5,219.75
 10667,C51819,1032,2002-11-03, 5000989, 1, 4.5, 20, 4,14.4
 10668,C17206,1000,2002-11-04, 5000149, 1, 1000.0, 5, 2,1900
 10669,C50355,1012,2002-11-06, 5000866, 1, 38.54, 0, 4,154.16
 10670,C53284,1024,2002-11-06, 5001122, 1, 25.0, 10, 4,90
 10671,C73615,1048,2002-11-07, 5000728, 1, 104.49, 15, 4,355.27
 10672,C49915,1028,2002-11-08, 5000829, 1, 4.5, 15, 5,19.12
 10673,C49915,1019,2002-11-08, 5000829, 2, 79.7, 0, 3,239.1
 10674,C69953,1034,2002-11-11, 5000393, 1, 8.49, 15, 3,21.65
 10675,C96436,1054,2002-11-11, 5000525, 1, 200.0, 15, 1,170
 10676,C96436,1009,2002-11-11, 5000525, 2, 16.99, 15, 3,43.32
 10677,C43616,1041,2002-11-13, 5000276, 1, 28.94, 5, 3,82.48
 10678,C17499,1008,2002-11-15, 5000175, 1, 62.88, 15, 1,53.45
 10679,C17499,1020,2002-11-15, 5000175, 2, 26.99, 10, 2,48.58
 10680,C17133,1043,2002-11-16, 5000140, 1, 24.99, 0, 3,74.97
 10681,C19696,1043,2002-11-18, 5000370, 1, 24.99, 5, 5,118.7
 10682,C25776,1054,2002-11-19, 5000894, 1, 200.0, 0, 5,1000
 10683,C977,1019,2002-11-20, 5000915, 1, 79.7, 20, 3,191.28
 10684,C52991,1025,2002-11-22, 5001087, 1, 39.94, 0, 4,159.76
 10685,C74494,1048,2002-11-23, 5000795, 1, 104.49, 10, 2,188.08
 10686,C78010,1016,2002-11-24, 5001088, 1, 5.99, 10, 2,10.78
 10687,C49622,1001,2002-11-27, 5000807, 1, 53.5, 10, 5,240.75
 10688,C73468,1031,2002-11-27, 5000713, 1, 17.99, 10, 4,64.76
 10689,C97242,1054,2002-11-27, 5000608, 1, 200.0, 0, 1,200
 10690,C97242,1039,2002-11-27, 5000608, 2, 34.0, 15, 2,57.8
 10691,C97242,1012,2002-11-27, 5000608, 3, 38.54, 10, 4,138.74
 10692,C91162,1043,2002-11-28, 5000055, 1, 24.99, 5, 5,118.7
 10693,C48890,1034,2002-11-29, 5000744, 1, 8.49, 10, 2,15.28
 10694,C48890,1014,2002-11-29, 5000744, 2, 17.49, 10, 1,15.74
 10695,C53357,1032,2002-11-30, 5001132, 1, 4.5, 10, 1,4.05
 10696,C53357,1041,2002-11-30, 5001132, 2, 28.94, 10, 2,52.09
 10697,C54383,1020,2002-11-30, 5001238, 1, 26.99, 15, 2,45.88
 10698,C54383,1017,2002-11-30, 5001238, 2, 19.95, 10, 4,71.82
 10699,C16693,1036,2002-12-02, 5000109, 1, 28.24, 10, 2,50.83
 10700,C17572,1002,2002-12-05, 5000180, 1, 14.97, 10, 2,26.95
 10701,C67755,1019,2002-12-07, 5000198, 1, 79.7, 15, 5,338.73
 10702,C46692,1026,2002-12-08, 5000551, 1, 18.15, 5, 2,34.48
 10703,C46692,1023,2002-12-08, 5000551, 2, 29.99, 10, 3,80.97
 10704,C26435,1008,2002-12-10, 5000949, 1, 62.88, 0, 2,125.76
 10705,C26435,1019,2002-12-10, 5000949, 2, 79.7, 20, 5,318.8
 10706,C26581,1019,2002-12-12, 5000968, 1, 79.7, 15, 3,203.24
 10707,C27460,1041,2002-12-12, 5001052, 1, 28.94, 10, 3,78.14
 10708,C41639,1019,2002-12-15, 5000105, 1, 79.7, 5, 1,75.72
 10709,C99366,1027,2002-12-16, 5000778, 1, 4.5, 5, 4,17.1
 10710,C1563,1007,2002-12-21, 5000964, 1, 7.96, 5, 2,15.12
 10711,C78376,1015,2002-12-21, 5001134, 1, 8.0, 15, 3,20.4
 10712,C29072,1021,2002-12-22, 5001208, 1, 24.99, 10, 5,112.45
 10713,C25,1015,2002-12-23, 5000839, 1, 8.0, 15, 3,20.4
 10714,C98487,1017,2002-12-30, 5000716, 1, 19.95, 5, 1,18.95
 10715,C42298,1025,2003-01-01, 5000160, 1, 39.94, 5, 1,37.94
 10716,C42298,1018,2003-01-01, 5000160, 2, 44.99, 5, 5,213.7
 10717,C51160,1046,2003-01-01, 5000925, 1, 183.17, 15, 4,622.78
 10718,C96802,1056,2003-01-01, 5000559, 1, 2123.0, 5, 3,6050.55
 10719,C96802,1030,2003-01-01, 5000559, 2, 22.75, 15, 4,77.35
 10720,C53797,1013,2003-01-02, 5001184, 1, 10.74, 20, 3,25.78
 10721,C46839,1020,2003-01-03, 5000563, 1, 26.99, 15, 2,45.88
 10722,C46839,1000,2003-01-03, 5000563, 2, 1000.0, 15, 4,3400
 10723,C25190,1041,2003-01-04, 5000852, 1, 28.94, 10, 3,78.14
 10724,C25190,1031,2003-01-04, 5000852, 2, 17.99, 10, 1,16.19
 10725,C20282,1031,2003-01-06, 5000422, 1, 17.99, 10, 2,32.38
 10726,C52259,1054,2003-01-06, 5001035, 1, 200.0, 15, 3,510
 10727,C26215,1049,2003-01-07, 5000930, 1, 206.99, 15, 5,879.71
 10728,C68341,1056,2003-01-07, 5000250, 1, 2123.0, 20, 3,5095.2
 10729,C18305,1005,2003-01-10, 5000247, 1, 26.99, 10, 2,48.58
 10730,C18305,1051,2003-01-10, 5000247, 2, 122.37, 20, 2,195.79
 10731,C91455,1031,2003-01-10, 5000087, 1, 17.99, 10, 4,64.76
 10732,C22187,1014,2003-01-12, 5000602, 1, 17.49, 0, 4,69.96
 10733,C95630,1022,2003-01-17, 5000448, 1, 13.99, 20, 1,11.19
 10734,C24457,1006,2003-01-18, 5000791, 1, 41.99, 15, 2,71.38
 10735,C42664,1040,2003-01-18, 5000188, 1, 32.12, 0, 2,64.24
 10736,C97315,1017,2003-01-18, 5000616, 1, 19.95, 20, 2,31.92
 10737,C71125,1016,2003-01-19, 5000490, 1, 5.99, 20, 3,14.38
 10738,C94751,1040,2003-01-20, 5000377, 1, 32.12, 10, 4,115.63
 10739,C94971,1006,2003-01-21, 5000397, 1, 41.99, 0, 2,83.98
 10740,C43103,1030,2003-01-22, 5000228, 1, 22.75, 20, 1,18.2
 10741,C90943,1020,2003-01-22, 5000035, 1, 26.99, 10, 1,24.29
 10742,C72663,1018,2003-01-24, 5000645, 1, 44.99, 15, 2,76.48
 10743,C77936,1023,2003-01-24, 5001082, 1, 29.99, 0, 4,119.96
 10744,C48597,1038,2003-01-26, 5000725, 1, 16.99, 10, 3,45.87
 10745,C97461,1004,2003-01-26, 5000626, 1, 59.99, 15, 2,101.98
 10746,C75300,1018,2003-01-28, 5000864, 1, 44.99, 5, 2,85.48
 10747,C42737,1027,2003-02-01, 5000196, 1, 4.5, 10, 4,16.2
 10748,C79108,1021,2003-02-01, 5001212, 1, 24.99, 10, 3,67.47
 10749,C54163,1037,2003-02-02, 5001218, 1, 54.94, 20, 4,175.81
 10750,C94312,1031,2003-02-02, 5000337, 1, 17.99, 20, 2,28.78
 10751,C28339,1053,2003-02-04, 5001131, 1, 93.0, 0, 3,279
 10752,C98926,1048,2003-02-05, 5000746, 1, 104.49, 10, 3,282.12
 10753,C53065,1003,2003-02-06, 5001095, 1, 12.99, 10, 3,35.07
 10754,C75300,1054,2003-02-07, 5000863, 1, 200.0, 10, 2,360
 10755,C75300,1036,2003-02-07, 5000863, 2, 28.24, 15, 5,120.02
 10756,C20136,1052,2003-02-08, 5000407, 1, 107.96, 15, 5,458.83
 10757,C69367,1024,2003-02-10, 5000342, 1, 25.0, 20, 3,60
 10758,C71125,1040,2003-02-10, 5000491, 1, 32.12, 10, 2,57.82
 10759,C47718,1048,2003-02-12, 5000649, 1, 104.49, 5, 2,198.53
 10760,C47718,1009,2003-02-12, 5000649, 2, 16.99, 5, 3,48.42
 10761,C94165,1036,2003-02-12, 5000322, 1, 28.24, 10, 2,50.83
 10762,C23066,1035,2003-02-14, 5000682, 1, 43.95, 15, 4,149.43
 10763,C97828,1003,2003-02-15, 5000657, 1, 12.99, 15, 2,22.08
 10764,C1343,1050,2003-02-16, 5000940, 1, 98.96, 15, 4,336.46
 10765,C50867,1003,2003-02-16, 5000908, 1, 12.99, 10, 1,11.69
 10766,C47571,1018,2003-02-17, 5000636, 1, 44.99, 20, 3,107.98
 10767,C94532,1006,2003-02-17, 5000357, 1, 41.99, 20, 3,100.78
 10768,C94532,1051,2003-02-17, 5000357, 2, 122.37, 20, 3,293.69
 10769,C96509,1034,2003-02-17, 5000535, 1, 8.49, 15, 1,7.22
 10770,C96509,1020,2003-02-17, 5000535, 2, 26.99, 20, 4,86.37
 10771,C48377,1028,2003-02-18, 5000700, 1, 4.5, 5, 3,12.82
 10772,C41712,1043,2003-02-20, 5000112, 1, 24.99, 5, 2,47.48
 10773,C4566,1040,2003-02-22, 5001255, 1, 32.12, 15, 2,54.6
 10774,C4566,1042,2003-02-22, 5001255, 2, 89.99, 0, 4,359.96
 10775,C77936,1036,2003-02-26, 5001083, 1, 28.24, 15, 3,72.01
 10776,C97901,1016,2003-02-27, 5000664, 1, 5.99, 10, 4,21.56
 10777,C54676,1011,2003-02-28, 5001266, 1, 24.99, 15, 2,42.48
 10778,C52186,1003,2003-03-01, 5001027, 1, 12.99, 5, 3,37.02
 10779,C73688,1026,2003-03-01, 5000732, 1, 18.15, 5, 4,68.97
 10780,C73688,1029,2003-03-01, 5000732, 2, 21.48, 10, 4,77.33
 10781,C76618,1002,2003-03-01, 5000974, 1, 14.97, 15, 4,50.9
 10782,C76838,1038,2003-03-03, 5000991, 1, 16.99, 0, 5,84.95
 10783,C75812,1013,2003-03-05, 5000902, 1, 10.74, 20, 4,34.37
 10784,C98853,1008,2003-03-09, 5000741, 1, 62.88, 10, 4,226.37
 10785,C98853,1054,2003-03-09, 5000741, 2, 200.0, 0, 2,400
 10786,C67755,1047,2003-03-11, 5000197, 1, 56.95, 10, 4,205.02
 10787,C51893,1020,2003-03-14, 5000998, 1, 26.99, 15, 3,68.82
 10788,C51893,1045,2003-03-14, 5000998, 2, 99.99, 20, 5,399.96
 10789,C24604,1013,2003-03-15, 5000805, 1, 10.74, 10, 3,29
 10790,C53431,1043,2003-03-15, 5001144, 1, 24.99, 10, 2,44.98
 10791,C16107,1048,2003-03-16, 5000050, 1, 104.49, 10, 4,376.16
 10792,C1710,1042,2003-03-16, 5000979, 1, 89.99, 10, 4,323.96
 10793,C1710,1029,2003-03-16, 5000979, 2, 21.48, 20, 4,68.74
 10794,C18525,1010,2003-03-16, 5000270, 1, 69.99, 5, 1,66.49
 10795,C4786,1019,2003-03-16, 5001278, 1, 79.7, 10, 3,215.19
 10796,C74128,1048,2003-03-16, 5000761, 1, 104.49, 0, 3,313.47
 10797,C76984,1027,2003-03-17, 5001006, 1, 4.5, 15, 2,7.65
 10798,C4420,1003,2003-03-18, 5001241, 1, 12.99, 0, 3,38.97
 10799,C4420,1035,2003-03-18, 5001241, 2, 43.95, 5, 3,125.26
 10800,C76471,1027,2003-03-18, 5000953, 1, 4.5, 15, 2,7.65
 10801,C2149,1051,2003-03-20, 5001024, 1, 122.37, 10, 3,330.4
 10802,C21161,1051,2003-03-21, 5000497, 1, 122.37, 5, 5,581.26
 10803,C77350,1010,2003-03-22, 5001044, 1, 69.99, 5, 2,132.98
 10804,C21308,1047,2003-03-23, 5000513, 1, 56.95, 15, 2,96.81
 10805,C67170,1030,2003-03-23, 5000144, 1, 22.75, 5, 5,108.06
 10806,C91162,1036,2003-03-23, 5000056, 1, 28.24, 15, 3,72.01
 10807,C78962,1006,2003-03-24, 5001196, 1, 41.99, 15, 4,142.77
 10808,C78962,1023,2003-03-24, 5001196, 2, 29.99, 20, 4,95.97
 10809,C78229,1043,2003-03-27, 5001114, 1, 24.99, 10, 1,22.49
 10810,C99878,1025,2003-04-01, 5000825, 1, 39.94, 5, 4,151.77
 10811,C18378,1019,2003-04-02, 5000256, 1, 79.7, 10, 3,215.19
 10812,C22699,1024,2003-04-02, 5000648, 1, 25.0, 20, 3,60
 10813,C65778,1031,2003-04-05, 5000020, 1, 17.99, 5, 3,51.27
 10814,C21161,1027,2003-04-07, 5000494, 1, 4.5, 5, 3,12.82
 10815,C1783,1052,2003-04-09, 5000987, 1, 107.96, 10, 2,194.33
 10816,C28998,1029,2003-04-12, 5001200, 1, 21.48, 15, 3,54.77
 10817,C43470,1032,2003-04-13, 5000264, 1, 4.5, 0, 3,13.5
 10818,C46033,1039,2003-04-15, 5000481, 1, 34.0, 10, 2,61.2
 10819,C73761,1021,2003-04-19, 5000735, 1, 24.99, 0, 2,49.98
 10820,C1563,1024,2003-04-21, 5000965, 1, 25.0, 15, 1,21.25
 10821,C41419,1025,2003-04-23, 5000083, 1, 39.94, 10, 3,107.84
 10822,C41419,1015,2003-04-23, 5000083, 2, 8.0, 10, 3,21.6
 10823,C19477,1021,2003-04-25, 5000349, 1, 24.99, 0, 3,74.97
 10824,C831,1000,2003-04-25, 5000903, 1, 1000.0, 15, 3,2550
 10825,C831,1013,2003-04-25, 5000903, 2, 10.74, 15, 3,27.39
 10826,C97681,1004,2003-04-29, 5000647, 1, 59.99, 5, 2,113.98
 10827,C2881,1030,2003-04-30, 5001078, 1, 22.75, 10, 3,61.43
 10828,C28852,1020,2003-05-01, 5001189, 1, 26.99, 5, 2,51.28
 10829,C28852,1026,2003-05-01, 5001189, 2, 18.15, 15, 1,15.43
 10830,C66217,1026,2003-05-01, 5000065, 1, 18.15, 20, 2,29.04
 10831,C67170,1040,2003-05-01, 5000145, 1, 32.12, 15, 3,81.91
 10832,C72077,1007,2003-05-02, 5000592, 1, 7.96, 15, 2,13.53
 10833,C54603,1045,2003-05-03, 5001259, 1, 99.99, 20, 2,159.98
 10834,C54603,1050,2003-05-03, 5001259, 2, 98.96, 10, 2,178.13
 10835,C44788,1020,2003-05-04, 5000379, 1, 26.99, 20, 5,107.96
 10836,4.0,1020,2003-05-05, 5001283, 1, 26.99, 10, 4,97.16
 10837,C92847,1022,2003-05-07, 5000204, 1, 13.99, 15, 2,23.78
 10838,C49769,1015,2003-05-09, 5000815, 1, 8.0, 0, 1,8
 10839,C22626,1009,2003-05-11, 5000641, 1, 16.99, 10, 3,45.87
 10840,C24164,1049,2003-05-11, 5000764, 1, 206.99, 15, 3,527.82
 10841,C24164,1030,2003-05-11, 5000764, 2, 22.75, 15, 5,96.69
 10842,C3101,1038,2003-05-12, 5001099, 1, 16.99, 15, 5,72.21
 10843,C3101,1009,2003-05-12, 5001099, 2, 16.99, 0, 2,33.98
 10844,C2881,1028,2003-05-17, 5001079, 1, 4.5, 15, 5,19.12
 10845,C69733,1018,2003-05-20, 5000372, 1, 44.99, 0, 2,89.98
 10846,C21454,1043,2003-05-22, 5000527, 1, 24.99, 10, 1,22.49
 10847,C21454,1003,2003-05-22, 5000527, 2, 12.99, 5, 5,61.7
 10848,C2222,1015,2003-05-22, 5001030, 1, 8.0, 0, 3,24
 10849,C2222,1036,2003-05-22, 5001030, 2, 28.24, 5, 4,107.31
 10850,C74860,1002,2003-05-23, 5000822, 1, 14.97, 5, 1,14.22
 10851,C99952,1026,2003-05-24, 5000833, 1, 18.15, 15, 1,15.43
 10852,C45081,1052,2003-05-26, 5000403, 1, 107.96, 10, 4,388.66
 10853,C45081,1053,2003-05-26, 5000403, 2, 93.0, 10, 3,251.1
 10854,C66364,1014,2003-05-27, 5000077, 1, 17.49, 20, 4,55.97
 10855,C23066,1050,2003-05-30, 5000681, 1, 98.96, 10, 4,356.26
 10856,C23066,1028,2003-05-30, 5000681, 2, 4.5, 15, 4,15.3
 10857,C65631,1015,2003-05-30, 5000007, 1, 8.0, 5, 5,38
 10858,C65631,1024,2003-05-30, 5000007, 2, 25.0, 20, 2,40
 10859,C27314,1026,2003-05-31, 5001041, 1, 18.15, 20, 3,43.56
 10860,C27314,1041,2003-05-31, 5001041, 2, 28.94, 20, 4,92.61
 10861,C51746,1020,2003-05-31, 5000983, 1, 26.99, 10, 4,97.16
 10862,C51746,1018,2003-05-31, 5000983, 2, 44.99, 0, 4,179.96
 10863,C67902,1040,2003-06-01, 5000212, 1, 32.12, 15, 3,81.91
 10864,C52405,1043,2003-06-02, 5001048, 1, 24.99, 20, 2,39.98
 10865,C47059,1053,2003-06-05, 5000590, 1, 93.0, 0, 5,465
 10866,C95264,1008,2003-06-07, 5000419, 1, 62.88, 20, 3,150.91
 10867,C97535,1048,2003-06-12, 5000631, 1, 104.49, 15, 2,177.63
 10868,C3248,1025,2003-06-13, 5001117, 1, 39.94, 0, 1,39.94
 10869,C43616,1014,2003-06-15, 5000278, 1, 17.49, 5, 2,33.23
 10870,C51526,1027,2003-06-16, 5000959, 1, 4.5, 15, 3,11.47
 10871,C16181,1034,2003-06-21, 5000057, 1, 8.49, 10, 4,30.56
 10872,C78742,1003,2003-06-25, 5001180, 1, 12.99, 5, 4,49.36
 10873,C72663,1004,2003-06-26, 5000643, 1, 59.99, 5, 2,113.98
 10874,C51746,1031,2003-06-27, 5000982, 1, 17.99, 0, 1,17.99
 10875,C79328,1039,2003-06-27, 5001232, 1, 34.0, 10, 3,91.8
 10876,C15668,1051,2003-06-30, 5000009, 1, 122.37, 20, 4,391.58
 10877,C18671,1023,2003-07-01, 5000284, 1, 29.99, 20, 2,47.98
 10878,C18671,1018,2003-07-01, 5000284, 2, 44.99, 10, 3,121.47
 10879,C43689,1022,2003-07-01, 5000287, 1, 13.99, 0, 4,55.96
 10880,C65558,1009,2003-07-01, 5000003, 1, 16.99, 20, 1,13.59
 10881,C21967,1006,2003-07-02, 5000578, 1, 41.99, 10, 3,113.37
 10882,C94165,1014,2003-07-05, 5000323, 1, 17.49, 5, 4,66.46
 10883,C94165,1045,2003-07-05, 5000323, 2, 99.99, 10, 4,359.96
 10884,C74347,1004,2003-07-08, 5000777, 1, 59.99, 0, 1,59.99
 10885,C1270,1025,2003-07-11, 5000934, 1, 39.94, 5, 4,151.77
 10886,C48377,1021,2003-07-11, 5000701, 1, 24.99, 5, 2,47.48
 10887,C49402,1046,2003-07-12, 5000783, 1, 183.17, 5, 2,348.02
 10888,C18305,1052,2003-07-13, 5000248, 1, 107.96, 15, 4,367.06
 10889,C24457,1036,2003-07-13, 5000790, 1, 28.24, 0, 5,141.2
 10890,C27900,1004,2003-07-13, 5001081, 1, 59.99, 10, 4,215.96
 10891,C27900,1049,2003-07-13, 5001081, 2, 206.99, 10, 1,186.29
 10892,C21308,1040,2003-07-19, 5000514, 1, 32.12, 15, 4,109.21
 10893,C48304,1048,2003-07-20, 5000695, 1, 104.49, 5, 4,397.06
 10894,C18671,1009,2003-07-22, 5000285, 1, 16.99, 10, 1,15.29
 10895,C23066,1038,2003-07-24, 5000679, 1, 16.99, 5, 4,64.56
 10896,C23066,1002,2003-07-24, 5000679, 2, 14.97, 15, 1,12.72
 10897,C2735,1006,2003-07-27, 5001073, 1, 41.99, 10, 1,37.79
 10898,C66950,1013,2003-07-28, 5000130, 1, 10.74, 5, 2,20.41
 10899,C66950,1020,2003-07-28, 5000130, 2, 26.99, 5, 1,25.64
 10900,C94971,1008,2003-07-30, 5000398, 1, 62.88, 5, 5,298.68
 10901,C46619,1000,2003-07-31, 5000544, 1, 1000.0, 5, 3,2850
 10902,C95118,1024,2003-07-31, 5000406, 1, 25.0, 20, 5,100
 10903,C99659,1033,2003-08-03, 5000810, 1, 19.95, 0, 3,59.85
 10904,C538,1049,2003-08-05, 5000876, 1, 206.99, 5, 4,786.56
 10905,C41858,1004,2003-08-09, 5000119, 1, 59.99, 0, 4,239.96
 10906,C42371,1024,2003-08-12, 5000166, 1, 25.0, 15, 4,85
 10907,C28925,1048,2003-08-13, 5001193, 1, 104.49, 10, 1,94.04
 10908,C19330,1049,2003-08-15, 5000338, 1, 206.99, 5, 1,196.64
 10909,C20942,1026,2003-08-18, 5000474, 1, 18.15, 20, 4,58.08
 10910,C40833,1009,2003-08-23, 5000024, 1, 16.99, 15, 1,14.44
 10911,C43909,1051,2003-08-24, 5000306, 1, 122.37, 15, 4,416.06
 10912,C43909,1033,2003-08-24, 5000306, 2, 19.95, 15, 2,33.91
 10913,C92994,1053,2003-08-25, 5000220, 1, 93.0, 20, 4,297.6
 10914,C25629,1025,2003-08-26, 5000884, 1, 39.94, 15, 2,67.9
 10915,C47205,1023,2003-08-26, 5000604, 1, 29.99, 15, 4,101.97
 10916,C91968,1051,2003-09-02, 5000132, 1, 122.37, 15, 4,416.06
 10917,C71491,1038,2003-09-05, 5000534, 1, 16.99, 15, 1,14.44
 10918,C93653,1045,2003-09-07, 5000283, 1, 99.99, 10, 5,449.95
 10919,C93653,1052,2003-09-07, 5000283, 2, 107.96, 20, 1,86.37
 10920,C42444,1024,2003-09-13, 5000170, 1, 25.0, 5, 2,47.5
 10921,C46839,1037,2003-09-13, 5000565, 1, 54.94, 0, 4,219.76
 10922,C47498,1005,2003-09-14, 5000629, 1, 26.99, 20, 2,43.18
 10923,C47498,1046,2003-09-14, 5000629, 2, 183.17, 10, 5,824.26
 10924,C65851,1037,2003-09-14, 5000027, 1, 54.94, 15, 1,46.7
 10925,C2295,1035,2003-09-16, 5001039, 1, 43.95, 15, 5,186.79
 10926,C45081,1043,2003-09-17, 5000404, 1, 24.99, 10, 2,44.98
 10927,C22260,1038,2003-09-22, 5000611, 1, 16.99, 5, 3,48.42
 10928,C2149,1015,2003-09-26, 5001023, 1, 8.0, 15, 3,20.4
 10929,C3394,1043,2003-09-26, 5001139, 1, 24.99, 10, 2,44.98
 10930,C3394,1013,2003-09-26, 5001139, 2, 10.74, 10, 3,29
 10931,C66584,1051,2003-09-30, 5000099, 1, 122.37, 15, 3,312.04
 10932,C54017,1032,2003-10-01, 5001201, 1, 4.5, 10, 2,8.1
 10933,C28266,1018,2003-10-04, 5001121, 1, 44.99, 15, 4,152.97
 10934,C73176,1037,2003-10-05, 5000689, 1, 54.94, 20, 2,87.9
 10935,C40833,1015,2003-10-08, 5000025, 1, 8.0, 5, 1,7.6
 10936,C45740,1029,2003-10-13, 5000458, 1, 21.48, 15, 3,54.77
 10937,C75666,1050,2003-10-14, 5000887, 1, 98.96, 5, 2,188.02
 10938,C76105,1049,2003-10-17, 5000923, 1, 206.99, 5, 3,589.92
 10939,C2662,1051,2003-10-19, 5001066, 1, 122.37, 15, 1,104.01
 10940,C2662,1022,2003-10-19, 5001066, 2, 13.99, 5, 2,26.58
 10941,C53211,1007,2003-10-19, 5001112, 1, 7.96, 15, 2,13.53
 10942,C43763,1044,2003-10-21, 5000296, 1, 22.99, 20, 2,36.78
 10943,C43763,1044,2003-10-21, 5000296, 2, 22.99, 10, 3,62.07
 10944,C67975,1008,2003-10-21, 5000217, 1, 62.88, 15, 2,106.9
 10945,C94019,1029,2003-10-21, 5000312, 1, 21.48, 5, 3,61.22
 10946,C49256,1051,2003-10-25, 5000773, 1, 122.37, 5, 5,581.26
 10947,C49256,1005,2003-10-25, 5000773, 2, 26.99, 15, 1,22.94
 10948,C40613,1003,2003-10-27, 5000006, 1, 12.99, 15, 2,22.08
 10949,C17060,1051,2003-10-30, 5000136, 1, 122.37, 20, 5,489.48
 10950,C92847,1045,2003-11-01, 5000206, 1, 99.99, 15, 5,424.96
 10951,C75739,1001,2003-11-02, 5000892, 1, 53.5, 20, 4,171.2
 10952,C22480,1049,2003-11-06, 5000627, 1, 206.99, 5, 4,786.56
 10953,C1783,1020,2003-11-07, 5000984, 1, 26.99, 10, 4,97.16
 10954,C54749,1011,2003-11-09, 5001272, 1, 24.99, 10, 5,112.45
 10955,C1490,1011,2003-11-10, 5000957, 1, 24.99, 5, 3,71.22
 10956,C3101,1011,2003-11-12, 5001098, 1, 24.99, 0, 4,99.96
 10957,C53065,1006,2003-11-13, 5001096, 1, 41.99, 5, 3,119.67
 10958,C74567,1044,2003-11-14, 5000802, 1, 22.99, 5, 3,65.52
 10959,C17426,1002,2003-11-15, 5000168, 1, 14.97, 15, 1,12.72
 10960,C68122,1053,2003-11-15, 5000229, 1, 93.0, 15, 4,316.2
 10961,C75226,1045,2003-11-25, 5000855, 1, 99.99, 20, 4,319.97
 10962,C50867,1019,2003-11-26, 5000906, 1, 79.7, 15, 2,135.49
 10963,C71051,1052,2003-11-27, 5000482, 1, 107.96, 5, 3,307.69
 10964,C24897,1007,2003-11-28, 5000827, 1, 7.96, 15, 2,13.53
 10965,C96802,1019,2003-11-29, 5000560, 1, 79.7, 20, 5,318.8
 10966,C98414,1050,2003-11-30, 5000705, 1, 98.96, 15, 3,252.35
 10967,C20356,1039,2003-12-01, 5000426, 1, 34.0, 5, 4,129.2
 10968,C20649,1029,2003-12-03, 5000450, 1, 21.48, 15, 2,36.52
 10969,C68488,1031,2003-12-03, 5000268, 1, 17.99, 10, 4,64.76
 10970,C78229,1017,2003-12-05, 5001113, 1, 19.95, 15, 3,50.87
 10971,C24384,1046,2003-12-06, 5000781, 1, 183.17, 15, 1,155.69
 10972,C17792,1013,2003-12-09, 5000200, 1, 10.74, 10, 3,29
 10973,C19184,1047,2003-12-10, 5000326, 1, 56.95, 20, 3,136.68
 10974,C92847,1027,2003-12-11, 5000205, 1, 4.5, 5, 3,12.82
 10975,C99878,1030,2003-12-12, 5000823, 1, 22.75, 5, 3,64.84
 10976,C1343,1009,2003-12-13, 5000941, 1, 16.99, 10, 3,45.87
 10977,C97022,1049,2003-12-17, 5000584, 1, 206.99, 15, 3,527.82
 10978,C92701,1052,2003-12-18, 5000194, 1, 107.96, 15, 4,367.06
 10979,C92701,1016,2003-12-18, 5000194, 2, 5.99, 0, 1,5.99
 10980,C43177,1041,2003-12-20, 5000237, 1, 28.94, 20, 5,115.76
 10981,C71491,1054,2003-12-22, 5000533, 1, 200.0, 15, 3,510
 10982,C71491,1003,2003-12-22, 5000533, 2, 12.99, 10, 2,23.38
 10983,C24970,1019,2003-12-28, 5000834, 1, 79.7, 5, 2,151.43
 10984,C44129,1007,2003-12-28, 5000320, 1, 7.96, 0, 4,31.84
 10985,C29658,1006,2003-12-29, 5001264, 1, 41.99, 5, 4,159.56
 10986,C96289,1008,2004-01-01, 5000510, 1, 62.88, 5, 2,119.47
 10987,C78815,1016,2004-01-03, 5001185, 1, 5.99, 20, 3,14.38
 10988,C74054,1016,2004-01-04, 5000757, 1, 5.99, 10, 3,16.17
 10989,C54236,1005,2004-01-11, 5001224, 1, 26.99, 10, 3,72.87
 10990,C3541,1007,2004-01-12, 5001156, 1, 7.96, 10, 4,28.66
 10991,C3541,1024,2004-01-12, 5001156, 2, 25.0, 15, 1,21.25
 10992,C50281,1004,2004-01-12, 5000861, 1, 59.99, 15, 3,152.97
 10993,C21088,1001,2004-01-13, 5000486, 1, 53.5, 10, 3,144.45
 10994,C98999,1036,2004-01-13, 5000753, 1, 28.24, 5, 3,80.48
 10995,C15815,1042,2004-01-15, 5000023, 1, 89.99, 5, 4,341.96
 10996,C73542,1047,2004-01-19, 5000721, 1, 56.95, 0, 3,170.85
 10997,C2076,1009,2004-01-21, 5001016, 1, 16.99, 10, 2,30.58
 10998,C17939,1052,2004-01-23, 5000214, 1, 107.96, 15, 2,183.53
 10999,C46619,1006,2004-01-23, 5000545, 1, 41.99, 5, 1,39.89
 11000,C73908,1010,2004-01-23, 5000745, 1, 69.99, 0, 2,139.98
 11001,C26508,1019,2004-01-24, 5000958, 1, 79.7, 5, 2,151.43
 11002,C44641,1051,2004-01-24, 5000365, 1, 122.37, 20, 4,391.58
 11003,C74933,1012,2004-01-27, 5000831, 1, 38.54, 0, 3,115.62
 11004,C74933,1001,2004-01-27, 5000831, 2, 53.5, 5, 1,50.82
 11005,C79621,1048,2004-01-28, 5001261, 1, 104.49, 15, 1,88.82
 11006,C25849,1021,2004-01-31, 5000904, 1, 24.99, 15, 5,106.21
 11007,C41565,1020,2004-02-03, 5000097, 1, 26.99, 15, 2,45.88
 11008,C74494,1024,2004-02-03, 5000793, 1, 25.0, 15, 5,106.25
 11009,C95337,1015,2004-02-03, 5000425, 1, 8.0, 15, 1,6.8
 11010,C99585,1004,2004-02-04, 5000804, 1, 59.99, 15, 2,101.98
 11011,C19550,1014,2004-02-06, 5000358, 1, 17.49, 15, 3,44.6
 11012,C19550,1005,2004-02-06, 5000358, 2, 26.99, 5, 4,102.56
 11013,C97681,1003,2004-02-06, 5000646, 1, 12.99, 5, 3,37.02
 11014,C97681,1036,2004-02-06, 5000646, 2, 28.24, 10, 3,76.25
 11015,C97681,1002,2004-02-06, 5000646, 3, 14.97, 15, 4,50.9
 11016,C54236,1016,2004-02-07, 5001223, 1, 5.99, 15, 5,25.46
 11017,C53797,1049,2004-02-10, 5001183, 1, 206.99, 10, 1,186.29
 11018,C70905,1001,2004-02-10, 5000470, 1, 53.5, 5, 3,152.47
 11019,C97095,1042,2004-02-12, 5000596, 1, 89.99, 10, 3,242.97
 11020,C98853,1032,2004-02-13, 5000740, 1, 4.5, 10, 5,20.25
 11021,C98853,1005,2004-02-13, 5000740, 2, 26.99, 5, 4,102.56
 11022,C23139,1015,2004-02-14, 5000687, 1, 8.0, 0, 3,24
 11023,C98633,1043,2004-02-15, 5000729, 1, 24.99, 15, 2,42.48
 11024,C43763,1036,2004-02-19, 5000295, 1, 28.24, 15, 3,72.01
 11025,C41931,1015,2004-02-21, 5000127, 1, 8.0, 10, 4,28.8
 11026,C4053,1017,2004-02-26, 5001206, 1, 19.95, 10, 5,89.77
 11027,C95997,1048,2004-02-29, 5000477, 1, 104.49, 0, 3,313.47
 11028,C66144,1029,2004-03-01, 5000053, 1, 21.48, 10, 4,77.33
 11029,C79767,1036,2004-03-01, 5001277, 1, 28.24, 10, 4,101.66
 11030,C16181,1052,2004-03-02, 5000058, 1, 107.96, 5, 4,410.25
 11031,C98633,1046,2004-03-02, 5000730, 1, 183.17, 15, 4,622.78
 11032,C40979,1027,2004-03-03, 5000041, 1, 4.5, 0, 2,9
 11033,C71198,1018,2004-03-06, 5000501, 1, 44.99, 5, 3,128.22
 11034,C50501,1011,2004-03-07, 5000875, 1, 24.99, 20, 4,79.97
 11035,C52259,1054,2004-03-09, 5001037, 1, 200.0, 15, 3,510
 11036,C68781,1045,2004-03-10, 5000297, 1, 99.99, 15, 2,169.98
 11037,C72077,1012,2004-03-10, 5000595, 1, 38.54, 10, 4,138.74
 11038,C18451,1027,2004-03-11, 5000262, 1, 4.5, 5, 2,8.55
 11039,C18451,1041,2004-03-11, 5000262, 2, 28.94, 5, 3,82.48
 11040,C24897,1022,2004-03-12, 5000828, 1, 13.99, 5, 4,53.16
 11041,C1783,1013,2004-03-14, 5000986, 1, 10.74, 5, 4,40.81
 11042,C4420,1005,2004-03-19, 5001242, 1, 26.99, 10, 4,97.16
 11043,C44422,1003,2004-03-19, 5000345, 1, 12.99, 10, 2,23.38
 11044,C72809,1031,2004-03-20, 5000656, 1, 17.99, 10, 4,64.76
 11045,C73981,1013,2004-03-20, 5000750, 1, 10.74, 15, 3,27.39
 11046,C97974,1006,2004-03-22, 5000668, 1, 41.99, 20, 5,167.96
 11047,C49549,1012,2004-03-26, 5000801, 1, 38.54, 5, 1,36.61
 11048,C49549,1022,2004-03-26, 5000801, 2, 13.99, 20, 2,22.38
 11049,C72809,1046,2004-03-27, 5000655, 1, 183.17, 10, 5,824.26
 11050,C76325,1016,2004-03-28, 5000938, 1, 5.99, 10, 4,21.56
 11051,C69953,1049,2004-03-29, 5000395, 1, 206.99, 15, 3,527.82
 11052,C69953,1018,2004-03-29, 5000395, 2, 44.99, 0, 3,134.97
 11053,C67755,1010,2004-03-30, 5000199, 1, 69.99, 10, 2,125.98
 11054,C41639,1047,2004-03-31, 5000106, 1, 56.95, 20, 3,136.68
 11055,C3248,1009,2004-04-06, 5001116, 1, 16.99, 5, 1,16.14
 11056,C44861,1008,2004-04-06, 5000385, 1, 62.88, 10, 2,113.18
 11057,C73176,1052,2004-04-07, 5000691, 1, 107.96, 10, 3,291.49
 11058,C42884,1041,2004-04-08, 5000210, 1, 28.94, 15, 4,98.4
 11059,C45960,1042,2004-04-15, 5000475, 1, 89.99, 5, 2,170.98
 11060,C19110,1053,2004-04-16, 5000317, 1, 93.0, 15, 2,158.1
 11061,C95557,1003,2004-04-20, 5000441, 1, 12.99, 5, 3,37.02
 11062,C71418,1041,2004-04-21, 5000523, 1, 28.94, 10, 3,78.14
 11063,C50428,1029,2004-04-30, 5000869, 1, 21.48, 20, 2,34.37
 11064,C96729,1043,2004-04-30, 5000553, 1, 24.99, 15, 2,42.48
 11065,C2955,1013,2004-05-04, 5001084, 1, 10.74, 5, 2,20.41
 11066,C44202,1040,2004-05-04, 5000329, 1, 32.12, 5, 1,30.51
 11067,C42517,1005,2004-05-05, 5000177, 1, 26.99, 10, 2,48.58
 11068,C16620,1010,2004-05-12, 5000104, 1, 69.99, 20, 4,223.97
 11069,C72956,1008,2004-05-16, 5000666, 1, 62.88, 20, 4,201.22
 11070,C93872,1046,2004-05-16, 5000304, 1, 183.17, 20, 3,439.61
 11071,C47352,1049,2004-05-21, 5000619, 1, 206.99, 0, 5,1034.95
 11072,C47352,1027,2004-05-21, 5000619, 2, 4.5, 10, 3,12.15
 11073,C74201,1009,2004-05-21, 5000766, 1, 16.99, 5, 3,48.42
 11074,C24384,1041,2004-05-22, 5000780, 1, 28.94, 20, 4,92.61
 11075,C78303,1030,2004-05-23, 5001124, 1, 22.75, 0, 3,68.25
 11076,C77057,1034,2004-05-26, 5001014, 1, 8.49, 5, 2,16.13
 11077,C70026,1042,2004-05-30, 5000401, 1, 89.99, 20, 5,359.96
 11078,C20795,1029,2004-05-31, 5000463, 1, 21.48, 5, 2,40.81
 11079,C20795,1011,2004-05-31, 5000463, 2, 24.99, 15, 5,106.21
 11080,C20649,1025,2004-06-02, 5000451, 1, 39.94, 20, 2,63.9
 11081,C1636,1020,2004-06-04, 5000976, 1, 26.99, 5, 1,25.64
 11082,C99952,1041,2004-06-08, 5000832, 1, 28.94, 5, 1,27.49
 11083,C65558,1043,2004-06-12, 5000002, 1, 24.99, 0, 3,74.97
 11084,C22553,1041,2004-06-17, 5000635, 1, 28.94, 10, 4,104.18
 11085,C26435,1003,2004-06-20, 5000948, 1, 12.99, 5, 2,24.68
 11086,C42151,1016,2004-06-25, 5000141, 1, 5.99, 0, 3,17.97
 11087,C79108,1018,2004-06-25, 5001213, 1, 44.99, 20, 4,143.97
 11088,C79108,1053,2004-06-25, 5001213, 2, 93.0, 20, 1,74.4
 11089,C50281,1005,2004-06-26, 5000862, 1, 26.99, 0, 4,107.96
 11090,C50281,1003,2004-06-26, 5000862, 2, 12.99, 20, 3,31.18
 11091,C54090,1009,2004-06-30, 5001211, 1, 16.99, 5, 2,32.28
 11092,C48450,1047,2004-07-01, 5000711, 1, 56.95, 15, 2,96.81
 11093,C52625,1031,2004-07-01, 5001062, 1, 17.99, 10, 3,48.57
 11094,C75593,1012,2004-07-02, 5000881, 1, 38.54, 15, 4,131.04
 11095,C75593,1013,2004-07-02, 5000881, 2, 10.74, 5, 3,30.61
 11096,C75593,1037,2004-07-02, 5000881, 3, 54.94, 5, 3,156.58
 11097,C1490,1003,2004-07-09, 5000955, 1, 12.99, 5, 3,37.02
 11098,C79474,1052,2004-07-13, 5001245, 1, 107.96, 5, 4,410.25
 11099,C47498,1031,2004-07-14, 5000628, 1, 17.99, 5, 4,68.36
 11100,C72736,1019,2004-07-17, 5000652, 1, 79.7, 20, 3,191.28
 11101,C93360,1053,2004-07-18, 5000253, 1, 93.0, 10, 5,418.5
 11102,C99512,1027,2004-07-18, 5000796, 1, 4.5, 15, 2,7.65
 11103,C19696,1006,2004-07-19, 5000369, 1, 41.99, 5, 2,79.78
 11104,C53504,1037,2004-07-19, 5001151, 1, 54.94, 5, 3,156.58
 11105,C24164,1054,2004-07-21, 5000762, 1, 200.0, 5, 1,190
 11106,C40979,1034,2004-07-21, 5000039, 1, 8.49, 5, 5,40.33
 11107,C40979,1036,2004-07-23, 5000040, 1, 28.24, 15, 5,120.02
 11108,C75812,1018,2004-07-23, 5000901, 1, 44.99, 15, 2,76.48
 11109,C75812,1045,2004-07-23, 5000901, 2, 99.99, 10, 3,269.97
 11110,C54749,1040,2004-07-24, 5001273, 1, 32.12, 10, 1,28.91
 11111,C96289,1036,2004-07-24, 5000511, 1, 28.24, 20, 2,45.18
 11112,C28266,1042,2004-07-30, 5001119, 1, 89.99, 15, 5,382.46
 11113,C47425,1017,2004-07-31, 5000623, 1, 19.95, 10, 5,89.77
 11114,C68927,1040,2004-07-31, 5000308, 1, 32.12, 5, 5,152.57
 11115,C68927,1008,2004-07-31, 5000308, 2, 62.88, 15, 4,213.79
 11116,C74494,1009,2004-08-02, 5000794, 1, 16.99, 15, 3,43.32
 11117,C79035,1010,2004-08-02, 5001204, 1, 69.99, 5, 1,66.49
 11118,C42298,1047,2004-08-03, 5000159, 1, 56.95, 0, 4,227.8
 11119,C76325,1001,2004-08-06, 5000939, 1, 53.5, 0, 3,160.5
 11120,C41199,1002,2004-08-07, 5000064, 1, 14.97, 15, 3,38.17
 11121,C23285,1005,2004-08-08, 5000694, 1, 26.99, 0, 4,107.96
 11122,C76545,1026,2004-08-09, 5000961, 1, 18.15, 10, 2,32.67
 11123,C19696,1039,2004-08-10, 5000368, 1, 34.0, 5, 5,161.5
 11124,C28412,1054,2004-08-10, 5001140, 1, 200.0, 0, 2,400
 11125,C25483,1008,2004-08-12, 5000874, 1, 62.88, 15, 5,267.24
 11126,C79255,1004,2004-08-14, 5001227, 1, 59.99, 10, 4,215.96
 11127,C18012,1013,2004-08-23, 5000223, 1, 10.74, 10, 3,29
 11128,C50208,1043,2004-08-28, 5000854, 1, 24.99, 15, 4,84.97
 11129,C72736,1032,2004-08-30, 5000650, 1, 4.5, 5, 5,21.37
 11130,C51966,1010,2004-09-03, 5001004, 1, 69.99, 15, 4,237.97
 11131,C92627,1029,2004-09-04, 5000184, 1, 21.48, 20, 3,51.55
 11132,C97095,1040,2004-09-06, 5000597, 1, 32.12, 15, 3,81.91
 11133,C21674,1009,2004-09-07, 5000550, 1, 16.99, 10, 3,45.87
 11134,C22846,1036,2004-09-10, 5000662, 1, 28.24, 5, 1,26.83
 11135,C78742,1030,2004-09-10, 5001178, 1, 22.75, 15, 5,96.69
 11136,C77570,1018,2004-09-12, 5001059, 1, 44.99, 10, 1,40.49
 11137,C48523,1009,2004-09-13, 5000718, 1, 16.99, 20, 3,40.78
 11138,C42591,1046,2004-09-14, 5000182, 1, 183.17, 15, 1,155.69
 11139,C94458,1004,2004-09-14, 5000347, 1, 59.99, 20, 4,191.97
 11140,C46766,1047,2004-09-18, 5000555, 1, 56.95, 5, 5,270.51
 11141,C22406,1038,2004-09-22, 5000621, 1, 16.99, 10, 2,30.58
 11142,C21308,1039,2004-09-24, 5000512, 1, 34.0, 20, 3,81.6
 11143,C78303,1011,2004-09-24, 5001127, 1, 24.99, 15, 3,63.72
 11144,C65705,1012,2004-09-28, 5000011, 1, 38.54, 15, 1,32.76
 11145,C42078,1014,2004-09-29, 5000138, 1, 17.49, 15, 3,44.6
 11146,C75226,1034,2004-09-30, 5000856, 1, 8.49, 0, 5,42.45
 11147,C92554,1025,2004-09-30, 5000178, 1, 39.94, 0, 2,79.88
 11148,C19843,1004,2004-10-04, 5000383, 1, 59.99, 10, 4,215.96
 11149,C24457,1038,2004-10-06, 5000792, 1, 16.99, 5, 4,64.56
 11150,C24164,1021,2004-10-09, 5000763, 1, 24.99, 15, 4,84.97
 11151,C24164,1029,2004-10-09, 5000763, 2, 21.48, 5, 3,61.22
 11152,C27314,1020,2004-10-12, 5001043, 1, 26.99, 15, 4,91.77
 11153,C78156,1022,2004-10-12, 5001109, 1, 13.99, 5, 2,26.58
 11154,C3760,1049,2004-10-17, 5001182, 1, 206.99, 15, 4,703.77
 11155,C15961,1027,2004-10-20, 5000037, 1, 4.5, 15, 4,15.3
 11156,C41565,1028,2004-10-21, 5000096, 1, 4.5, 10, 4,16.2
 11157,C66950,1012,2004-10-22, 5000129, 1, 38.54, 0, 4,154.16
 11158,C97168,1024,2004-10-24, 5000599, 1, 25.0, 15, 3,63.75
 11159,C97242,1028,2004-10-24, 5000609, 1, 4.5, 20, 3,10.8
 11160,C94385,1014,2004-10-25, 5000344, 1, 17.49, 5, 4,66.46
 11161,C67316,1046,2004-10-26, 5000163, 1, 183.17, 15, 4,622.78
 11162,C20868,1000,2004-10-29, 5000469, 1, 1000.0, 10, 3,2700
 11163,C20868,1028,2004-10-29, 5000469, 2, 4.5, 15, 3,11.47
 11164,C66877,1013,2004-10-30, 5000121, 1, 10.74, 5, 2,20.41
 11165,C77643,1018,2004-10-31, 5001065, 1, 44.99, 15, 3,114.72
 11166,C52625,1052,2004-11-04, 5001063, 1, 107.96, 0, 2,215.92
 11167,C16254,1017,2004-11-10, 5000068, 1, 19.95, 0, 2,39.9
 11168,C79621,1040,2004-11-10, 5001260, 1, 32.12, 10, 5,144.54
 11169,C66803,1018,2004-11-12, 5000118, 1, 44.99, 15, 3,114.72
 11170,C3028,1049,2004-11-17, 5001091, 1, 206.99, 15, 2,351.88
 11171,C91675,1001,2004-11-19, 5000107, 1, 53.5, 5, 2,101.65
 11172,C70026,1027,2004-11-20, 5000400, 1, 4.5, 15, 3,11.47
 11173,C28559,1027,2004-11-23, 5001157, 1, 4.5, 15, 1,3.82
 11174,C21894,1045,2004-11-25, 5000568, 1, 99.99, 20, 4,319.97
 11175,C29658,1012,2004-11-27, 5001263, 1, 38.54, 5, 2,73.23
 11176,C65851,1051,2004-11-27, 5000026, 1, 122.37, 5, 3,348.75
 11177,C99512,1004,2004-11-30, 5000797, 1, 59.99, 20, 4,191.97
 11178,C99512,1034,2004-11-30, 5000797, 2, 8.49, 15, 2,14.43
 11179,C99512,1005,2004-11-30, 5000797, 3, 26.99, 10, 4,97.16
 11180,C99512,1042,2004-11-30, 5000797, 4, 89.99, 15, 4,305.97
 11181,C21820,1042,2004-12-03, 5000562, 1, 89.99, 5, 2,170.98
 11182,C44495,1018,2004-12-03, 5000350, 1, 44.99, 20, 5,179.96
 11183,C44934,1029,2004-12-04, 5000392, 1, 21.48, 0, 4,85.92
 11184,C77131,1025,2004-12-06, 5001020, 1, 39.94, 5, 5,189.71
 11185,C74054,1040,2004-12-07, 5000758, 1, 32.12, 15, 3,81.91
 11186,C90943,1012,2004-12-07, 5000033, 1, 38.54, 15, 2,65.52
 11187,C65778,1025,2004-12-10, 5000019, 1, 39.94, 5, 5,189.71
 11188,C66071,1044,2004-12-11, 5000046, 1, 22.99, 5, 4,87.36
 11189,C43543,1001,2004-12-13, 5000271, 1, 53.5, 5, 3,152.47
 11190,C91895,1038,2004-12-14, 5000122, 1, 16.99, 10, 2,30.58
 11191,C70173,1048,2004-12-15, 5000414, 1, 104.49, 20, 3,250.78
 11192,C70173,1049,2004-12-15, 5000414, 2, 206.99, 20, 2,331.18
 11193,C16474,1032,2004-12-16, 5000091, 1, 4.5, 20, 2,7.2
 11194,C73029,1035,2004-12-16, 5000674, 1, 43.95, 10, 2,79.11
 11195,C99805,1025,2004-12-17, 5000818, 1, 39.94, 20, 3,95.86
 11196,C4346,1022,2004-12-19, 5001234, 1, 13.99, 10, 2,25.18
 11197,C40979,1007,2004-12-20, 5000038, 1, 7.96, 15, 1,6.77
 11198,C69294,1001,2004-12-21, 5000335, 1, 53.5, 15, 5,227.38
 11199,C4786,1011,2004-12-23, 5001279, 1, 24.99, 15, 4,84.97
 11200,C92481,1046,2004-12-30, 5000172, 1, 183.17, 5, 5,870.06
 11201,C92481,1012,2004-12-30, 5000172, 2, 38.54, 15, 5,163.8
 11202,C45374,1016,2004-12-31, 5000428, 1, 5.99, 0, 3,17.97
 11203,C72956,1008,2005-01-02, 5000667, 1, 62.88, 10, 1,56.59
 11204,C29584,1022,2005-01-03, 5001258, 1, 13.99, 15, 3,35.67
 11205,C75373,1017,2005-01-03, 5000867, 1, 19.95, 15, 4,67.83
 11206,C17572,1027,2005-01-04, 5000179, 1, 4.5, 0, 4,18
 11207,C4127,1009,2005-01-06, 5001216, 1, 16.99, 5, 3,48.42
 11208,C73395,1019,2005-01-06, 5000704, 1, 79.7, 10, 2,143.46
 11209,C73395,1013,2005-01-06, 5000704, 2, 10.74, 20, 1,8.59
 11210,C78156,1039,2005-01-09, 5001108, 1, 34.0, 10, 4,122.4
 11211,C95484,1027,2005-01-11, 5000436, 1, 4.5, 10, 3,12.15
 11212,C15961,1003,2005-01-13, 5000036, 1, 12.99, 0, 3,38.97
 11213,C21894,1053,2005-01-14, 5000569, 1, 93.0, 0, 2,186
 11214,C21601,1035,2005-01-19, 5000542, 1, 43.95, 15, 4,149.43
 11215,C18744,1009,2005-01-21, 5000292, 1, 16.99, 20, 1,13.59
 11216,C75959,1015,2005-01-21, 5000912, 1, 8.0, 20, 3,19.2
 11217,C17719,1040,2005-01-22, 5000195, 1, 32.12, 20, 3,77.09
 11218,C67609,1026,2005-01-24, 5000183, 1, 18.15, 15, 5,77.14
 11219,C70539,1013,2005-01-29, 5000438, 1, 10.74, 15, 4,36.52
 11220,C71784,1007,2005-01-30, 5000558, 1, 7.96, 10, 4,28.66
 11221,C51966,1013,2005-02-06, 5001005, 1, 10.74, 10, 5,48.33
 11222,C76178,1016,2005-02-06, 5000928, 1, 5.99, 20, 3,14.38
 11223,C74201,1015,2005-02-07, 5000767, 1, 8.0, 5, 4,30.4
 11224,C43396,1006,2005-02-15, 5000259, 1, 41.99, 10, 1,37.79
 11225,C611,1016,2005-02-15, 5000883, 1, 5.99, 5, 3,17.07
 11226,C22260,1020,2005-02-18, 5000610, 1, 26.99, 15, 3,68.82
 11227,C40540,1020,2005-02-18, 5000000, 1, 26.99, 10, 2,48.58
 11228,C50062,1035,2005-02-18, 5000842, 1, 43.95, 10, 4,158.22
 11229,C26288,1015,2005-02-28, 5000936, 1, 8.0, 15, 2,13.6
 11230,C51380,1016,2005-03-03, 5000943, 1, 5.99, 10, 4,21.56
 11231,C72077,1028,2005-03-03, 5000594, 1, 4.5, 15, 2,7.65
 11232,C91382,1004,2005-03-03, 5000079, 1, 59.99, 15, 3,152.97
 11233,C23139,1025,2005-03-07, 5000688, 1, 39.94, 0, 1,39.94
 11234,C2515,1027,2005-03-07, 5001054, 1, 4.5, 5, 4,17.1
 11235,C49036,1023,2005-03-08, 5000756, 1, 29.99, 5, 1,28.49
 11236,C47059,1024,2005-03-09, 5000589, 1, 25.0, 10, 5,112.5
 11237,C69367,1025,2005-03-10, 5000341, 1, 39.94, 15, 3,101.85
 11238,C53504,1046,2005-03-20, 5001152, 1, 183.17, 15, 2,311.39
 11239,C68561,1002,2005-03-20, 5000274, 1, 14.97, 0, 2,29.94
 11240,C76911,1042,2005-03-20, 5001000, 1, 89.99, 5, 5,427.45
 11241,C69880,1040,2005-03-21, 5000386, 1, 32.12, 5, 5,152.57
 11242,C2588,1022,2005-03-24, 5001060, 1, 13.99, 15, 4,47.57
 11243,C2588,1008,2005-03-24, 5001060, 2, 62.88, 15, 3,160.34
 11244,C54236,1038,2005-03-24, 5001226, 1, 16.99, 5, 2,32.28
 11245,C54529,1003,2005-03-24, 5001248, 1, 12.99, 10, 1,11.69
 11246,C23578,1032,2005-03-25, 5000724, 1, 4.5, 5, 4,17.1
 11247,C245,1004,2005-03-25, 5000857, 1, 59.99, 15, 3,152.97
 11248,C68268,1017,2005-03-25, 5000243, 1, 19.95, 10, 3,53.86
 11249,C684,1010,2005-03-27, 5000888, 1, 69.99, 10, 1,62.99
 11250,C65631,1012,2005-04-03, 5000008, 1, 38.54, 20, 3,92.5
 11251,C50208,1020,2005-04-07, 5000853, 1, 26.99, 10, 3,72.87
 11252,C27607,1047,2005-04-09, 5001061, 1, 56.95, 10, 2,102.51
 11253,C3394,1032,2005-04-09, 5001138, 1, 4.5, 15, 4,15.3
 11254,C96363,1048,2005-04-09, 5000519, 1, 104.49, 10, 4,376.16
 11255,C46253,1027,2005-04-10, 5000508, 1, 4.5, 15, 4,15.3
 11256,C74274,1023,2005-04-11, 5000774, 1, 29.99, 5, 2,56.98
 11257,C43323,1027,2005-04-12, 5000249, 1, 4.5, 10, 2,8.1
 11258,C49695,1027,2005-04-12, 5000811, 1, 4.5, 5, 2,8.55
 11259,C95411,1017,2005-04-18, 5000432, 1, 19.95, 0, 3,59.85
 11260,C49329,1015,2005-04-21, 5000775, 1, 8.0, 20, 3,19.2
 11261,C91968,1003,2005-04-24, 5000131, 1, 12.99, 10, 5,58.46
 11262,C19184,1042,2005-04-28, 5000324, 1, 89.99, 20, 3,215.98
 11263,C97828,1004,2005-04-28, 5000658, 1, 59.99, 20, 4,191.97
 11264,C20722,1011,2005-04-29, 5000457, 1, 24.99, 15, 4,84.97
 11265,C91089,1030,2005-04-30, 5000047, 1, 22.75, 5, 3,64.84
 11266,C65998,1047,2005-05-08, 5000042, 1, 56.95, 10, 2,102.51
 11267,C51600,1049,2005-05-09, 5000971, 1, 206.99, 15, 4,703.77
 11268,C44715,1006,2005-05-10, 5000371, 1, 41.99, 10, 1,37.79
 11269,C21674,1048,2005-05-11, 5000549, 1, 104.49, 15, 3,266.45
 11270,C2442,1029,2005-05-13, 5001050, 1, 21.48, 20, 3,51.55
 11271,C46473,1041,2005-05-14, 5000530, 1, 28.94, 0, 2,57.88
 11272,C21015,1046,2005-05-17, 5000479, 1, 183.17, 15, 2,311.39
 11273,C54383,1054,2005-05-17, 5001237, 1, 200.0, 20, 2,320
 11274,C77424,1054,2005-05-20, 5001049, 1, 200.0, 10, 2,360
 11275,C27826,1014,2005-05-23, 5001076, 1, 17.49, 10, 2,31.48
 11276,C4639,1008,2005-05-23, 5001262, 1, 62.88, 0, 3,188.64
 11277,C95630,1042,2005-05-24, 5000449, 1, 89.99, 10, 3,242.97
 11278,C78303,1047,2005-06-02, 5001128, 1, 56.95, 10, 1,51.26
 11279,C46473,1000,2005-06-07, 5000528, 1, 1000.0, 5, 3,2850
 11280,C18378,1044,2005-06-08, 5000258, 1, 22.99, 15, 4,78.17
 11281,C96143,1035,2005-06-10, 5000493, 1, 43.95, 5, 5,208.76
 11282,C76545,1015,2005-06-16, 5000963, 1, 8.0, 10, 1,7.2
 11283,C4566,1042,2005-06-21, 5001254, 1, 89.99, 5, 2,170.98
 11284,C28046,1039,2005-06-25, 5001092, 1, 34.0, 15, 3,86.7
 11285,C92261,1054,2005-06-25, 5000156, 1, 200.0, 5, 2,380
 11286,C1270,1039,2005-06-30, 5000932, 1, 34.0, 5, 3,96.9
 11287,C99366,1024,2005-06-30, 5000779, 1, 25.0, 15, 2,42.5
 11288,C79548,1019,2005-07-01, 5001252, 1, 79.7, 10, 4,286.92
 11289,C70612,1037,2005-07-05, 5000445, 1, 54.94, 15, 4,186.8
 11290,C72223,1041,2005-07-06, 5000605, 1, 28.94, 15, 5,123
 11291,C171,1038,2005-07-07, 5000851, 1, 16.99, 10, 4,61.16
 11292,C43836,1028,2005-07-09, 5000301, 1, 4.5, 15, 4,15.3
 11293,C42664,1054,2005-07-11, 5000189, 1, 200.0, 15, 3,510
 11294,C53577,1007,2005-07-11, 5001161, 1, 7.96, 0, 5,39.8
 11295,C51819,1003,2005-07-16, 5000990, 1, 12.99, 5, 4,49.36
 11296,C72443,1048,2005-07-18, 5000625, 1, 104.49, 10, 5,470.2
 11297,C538,1014,2005-07-20, 5000878, 1, 17.49, 0, 4,69.96
 11298,C21601,1054,2005-07-21, 5000543, 1, 200.0, 20, 3,480
 11299,C19257,1020,2005-07-23, 5000333, 1, 26.99, 10, 5,121.45
 11300,C96436,1040,2005-07-26, 5000526, 1, 32.12, 15, 2,54.6
 11301,C28632,1004,2005-07-29, 5001166, 1, 59.99, 10, 4,215.96
 11302,C73176,1023,2005-07-30, 5000690, 1, 29.99, 5, 4,113.96
 11303,C72077,1022,2005-08-02, 5000593, 1, 13.99, 10, 4,50.36
 11304,C99878,1053,2005-08-03, 5000824, 1, 93.0, 5, 2,176.7
 11305,C79694,1011,2005-08-04, 5001269, 1, 24.99, 10, 4,89.96
 11306,C16693,1024,2005-08-06, 5000108, 1, 25.0, 0, 4,100
 11307,C45667,1007,2005-08-10, 5000452, 1, 7.96, 5, 3,22.69
 11308,C48963,1009,2005-08-10, 5000749, 1, 16.99, 10, 4,61.16
 11309,C16400,1051,2005-08-11, 5000080, 1, 122.37, 15, 2,208.03
 11310,C18671,1041,2005-08-11, 5000286, 1, 28.94, 5, 3,82.48
 11311,C92408,1030,2005-08-11, 5000167, 1, 22.75, 0, 3,68.25
 11312,C72004,1028,2005-08-15, 5000581, 1, 4.5, 15, 1,3.82
 11313,C72004,1030,2005-08-15, 5000581, 2, 22.75, 10, 5,102.38
 11314,C46985,1044,2005-08-16, 5000579, 1, 22.99, 15, 3,58.62
 11315,C16913,1052,2005-08-19, 5000123, 1, 107.96, 20, 4,345.47
 11316,C97022,1017,2005-08-23, 5000585, 1, 19.95, 15, 3,50.87
 11317,C53504,1028,2005-08-25, 5001153, 1, 4.5, 5, 1,4.27
 11318,C99659,1022,2005-08-25, 5000809, 1, 13.99, 5, 3,39.87
 11319,C96582,1037,2005-08-26, 5000540, 1, 54.94, 15, 5,233.5
 11320,C1929,1041,2005-08-28, 5001001, 1, 28.94, 10, 4,104.18
 11321,C51014,1005,2005-08-29, 5000918, 1, 26.99, 10, 2,48.58
 11322,C21088,1035,2005-09-01, 5000487, 1, 43.95, 5, 3,125.26
 11323,C44349,1007,2005-09-04, 5000340, 1, 7.96, 10, 4,28.66
 11324,C96802,1002,2005-09-07, 5000561, 1, 14.97, 0, 5,74.85
 11325,C16620,1018,2005-09-11, 5000103, 1, 44.99, 0, 5,224.95
 11326,C47498,1048,2005-09-11, 5000630, 1, 104.49, 10, 4,376.16
 11327,C29584,1030,2005-09-14, 5001257, 1, 22.75, 15, 2,38.67
 11328,C79035,1026,2005-09-14, 5001203, 1, 18.15, 10, 2,32.67
 11329,C16400,1013,2005-09-20, 5000081, 1, 10.74, 20, 1,8.59
 11330,C3687,1010,2005-09-21, 5001173, 1, 69.99, 5, 5,332.45
 11331,C52039,1016,2005-09-25, 5001011, 1, 5.99, 10, 5,26.95
 11332,C79767,1025,2005-09-27, 5001276, 1, 39.94, 5, 3,113.83
 11333,3.0,1018,2005-09-28, 5001282, 1, 44.99, 0, 2,89.98
 11334,C4127,1025,2005-09-29, 5001214, 1, 39.94, 15, 2,67.9
 11335,C98047,1044,2005-09-29, 5000677, 1, 22.99, 20, 2,36.78
 11336,C18012,1035,2005-09-30, 5000221, 1, 43.95, 5, 2,83.5
 11337,C72443,1053,2005-10-06, 5000624, 1, 93.0, 10, 3,251.1
 11338,C79548,1045,2005-10-06, 5001253, 1, 99.99, 5, 5,474.95
 11339,C15888,1023,2005-10-09, 5000028, 1, 29.99, 10, 1,26.99
 11340,C75959,1045,2005-10-09, 5000913, 1, 99.99, 20, 1,79.99
 11341,C91382,1038,2005-10-13, 5000078, 1, 16.99, 5, 4,64.56
 11342,C79401,1011,2005-10-16, 5001239, 1, 24.99, 15, 2,42.48
 11343,C47278,1029,2005-10-20, 5000614, 1, 21.48, 5, 3,61.22
 11344,C46180,1034,2005-10-21, 5000500, 1, 8.49, 0, 2,16.98
 11345,C75007,1017,2005-10-22, 5000836, 1, 19.95, 10, 3,53.86
 11346,C3687,1036,2005-10-23, 5001171, 1, 28.24, 0, 2,56.48
 11347,C67902,1029,2005-10-23, 5000211, 1, 21.48, 15, 1,18.26
 11348,C47205,1030,2005-10-24, 5000603, 1, 22.75, 20, 2,36.4
 11349,C45447,1026,2005-10-27, 5000434, 1, 18.15, 15, 2,30.85
 11350,C98,1028,2005-10-28, 5000844, 1, 4.5, 5, 5,21.37
 11351,C94751,1005,2005-10-30, 5000375, 1, 26.99, 20, 2,43.18
 11352,C53138,1018,2005-11-02, 5001105, 1, 44.99, 15, 3,114.72
 11353,C96875,1040,2005-11-02, 5000567, 1, 32.12, 20, 4,102.78
 11354,C94678,1042,2005-11-04, 5000366, 1, 89.99, 10, 5,404.95
 11355,C77131,1048,2005-11-05, 5001021, 1, 104.49, 15, 1,88.82
 11356,C71711,1026,2005-11-08, 5000552, 1, 18.15, 5, 3,51.73
 11357,C1783,1014,2005-11-11, 5000985, 1, 17.49, 0, 2,34.98
 11358,C74933,1041,2005-11-11, 5000830, 1, 28.94, 0, 1,28.94
 11359,C2662,1043,2005-11-14, 5001067, 1, 24.99, 15, 2,42.48
 11360,C73322,1007,2005-11-15, 5000696, 1, 7.96, 10, 3,21.49
 11361,C53650,1001,2005-11-16, 5001167, 1, 53.5, 0, 3,160.5
 11362,C67975,1011,2005-11-16, 5000216, 1, 24.99, 10, 5,112.45
 11363,C95557,1005,2005-11-17, 5000443, 1, 26.99, 20, 5,107.96
 11364,C43103,1012,2005-11-22, 5000227, 1, 38.54, 15, 1,32.76
 11365,C65705,1035,2005-11-22, 5000012, 1, 43.95, 0, 5,219.75
 11366,C65924,1027,2005-11-22, 5000032, 1, 4.5, 5, 4,17.1
 11367,C70758,1041,2005-11-22, 5000460, 1, 28.94, 5, 3,82.48
 11368,C74640,1018,2005-11-22, 5000808, 1, 44.99, 5, 3,128.22
 11369,C19037,1014,2005-11-23, 5000313, 1, 17.49, 15, 4,59.47
 11370,C28705,1012,2005-11-24, 5001174, 1, 38.54, 10, 5,173.43
 11371,C41492,1040,2005-11-24, 5000093, 1, 32.12, 5, 2,61.03
 11372,C21161,1007,2005-11-28, 5000496, 1, 7.96, 5, 3,22.69
 11373,C42005,1033,2005-11-29, 5000134, 1, 19.95, 5, 2,37.9
 11374,C91748,1041,2005-12-02, 5000114, 1, 28.94, 10, 4,104.18
 11375,C94751,1011,2005-12-02, 5000374, 1, 24.99, 10, 5,112.45
 11376,C98560,1051,2005-12-05, 5000723, 1, 122.37, 15, 4,416.06
 11377,C79694,1006,2005-12-10, 5001267, 1, 41.99, 0, 2,83.98
 11378,C3248,1033,2005-12-11, 5001115, 1, 19.95, 5, 1,18.95
 11379,C16474,1039,2005-12-15, 5000090, 1, 34.0, 15, 4,115.6
 11380,4.0,1028,2005-12-20, 5001284, 1, 4.5, 15, 1,3.82
 11381,C79474,1004,2005-12-23, 5001244, 1, 59.99, 20, 3,143.98
 11382,C42884,1038,2005-12-25, 5000208, 1, 16.99, 10, 4,61.16
 11383,C48084,1038,2005-12-27, 5000683, 1, 16.99, 5, 3,48.42
 11384,C92994,1009,2005-12-27, 5000219, 1, 16.99, 5, 3,48.42
 11385,C46985,1018,2006-01-01, 5000580, 1, 44.99, 15, 3,114.72
 11386,C75153,1023,2006-01-09, 5000848, 1, 29.99, 15, 4,101.97
 11387,C45154,1015,2006-01-14, 5000410, 1, 8.0, 5, 3,22.8
 11388,C22626,1013,2006-01-15, 5000640, 1, 10.74, 0, 3,32.22
 11389,C42298,1011,2006-01-16, 5000158, 1, 24.99, 5, 2,47.48
 11390,C73102,1053,2006-01-18, 5000685, 1, 93.0, 20, 2,148.8
 11391,C65998,1006,2006-01-20, 5000043, 1, 41.99, 15, 3,107.07
 11392,C26288,1044,2006-01-22, 5000935, 1, 22.99, 5, 4,87.36
 11393,C28559,1002,2006-01-24, 5001159, 1, 14.97, 15, 4,50.9
 11394,C75812,1010,2006-01-24, 5000900, 1, 69.99, 10, 4,251.96
 11395,C17865,1053,2006-01-27, 5000207, 1, 93.0, 10, 4,334.8
 11396,C79767,1006,2006-01-27, 5001275, 1, 41.99, 10, 1,37.79
 11397,C23432,1024,2006-01-29, 5000709, 1, 25.0, 15, 2,42.5
 11398,C65924,1037,2006-01-30, 5000029, 1, 54.94, 10, 1,49.45
 11399,C93872,1014,2006-02-05, 5000303, 1, 17.49, 5, 3,49.85
 11400,C17353,1049,2006-02-07, 5000165, 1, 206.99, 10, 2,372.58
 11401,C54310,1047,2006-02-07, 5001231, 1, 56.95, 10, 4,205.02
 11402,C77717,1040,2006-02-08, 5001071, 1, 32.12, 10, 4,115.63
 11403,C73102,1045,2006-02-12, 5000684, 1, 99.99, 0, 3,299.97
 11404,C28119,1042,2006-02-19, 5001102, 1, 89.99, 5, 2,170.98
 11405,C69074,1010,2006-02-21, 5000315, 1, 69.99, 15, 5,297.46
 11406,C24604,1006,2006-02-22, 5000806, 1, 41.99, 0, 1,41.99
 11407,C19916,1014,2006-02-25, 5000391, 1, 17.49, 10, 1,15.74
 11408,C50428,1052,2006-02-27, 5000870, 1, 107.96, 5, 4,410.25
 11409,C45594,1054,2006-03-06, 5000444, 1, 200.0, 10, 4,720
 11410,C51380,1041,2006-03-06, 5000945, 1, 28.94, 0, 2,57.88
 11411,C98926,1020,2006-03-07, 5000748, 1, 26.99, 20, 2,43.18
 11412,C4566,1033,2006-03-08, 5001256, 1, 19.95, 15, 5,84.79
 11413,C73395,1014,2006-03-10, 5000703, 1, 17.49, 20, 2,27.98
 11414,C72223,1019,2006-03-16, 5000607, 1, 79.7, 10, 1,71.73
 11415,C69294,1010,2006-03-23, 5000336, 1, 69.99, 0, 1,69.99
 11416,C16547,1038,2006-03-28, 5000095, 1, 16.99, 10, 2,30.58
 11417,C92041,1030,2006-03-30, 5000135, 1, 22.75, 10, 4,81.9
 11418,C4127,1000,2006-04-06, 5001215, 1, 1000.0, 10, 5,4500
 11419,C25702,1049,2006-04-07, 5000890, 1, 206.99, 15, 3,527.82
 11420,C51160,1046,2006-04-08, 5000926, 1, 183.17, 10, 4,659.41
 11421,C76178,1040,2006-04-11, 5000929, 1, 32.12, 15, 1,27.3
 11422,C69880,1046,2006-04-13, 5000387, 1, 183.17, 5, 3,522.03
 11423,C22260,1033,2006-04-14, 5000612, 1, 19.95, 0, 4,79.8
 11424,C171,1045,2006-04-15, 5000850, 1, 99.99, 20, 2,159.98
 11425,C77204,1039,2006-04-19, 5001029, 1, 34.0, 5, 4,129.2
 11426,C49036,1002,2006-04-27, 5000755, 1, 14.97, 5, 3,42.66
 11427,C96656,1045,2006-04-30, 5000548, 1, 99.99, 5, 3,284.97
 11428,C22992,1002,2006-05-02, 5000672, 1, 14.97, 10, 4,53.89
 11429,C15595,1012,2006-05-09, 5000004, 1, 38.54, 10, 3,104.06
 11430,C29072,1039,2006-05-21, 5001210, 1, 34.0, 10, 1,30.6
 11431,C74347,1000,2006-05-22, 5000776, 1, 1000.0, 10, 1,900
 11432,C28119,1027,2006-05-27, 5001103, 1, 4.5, 10, 2,8.1
 11433,C48377,1016,2006-05-27, 5000702, 1, 5.99, 5, 4,22.76
 11434,C26435,1033,2006-05-30, 5000950, 1, 19.95, 10, 4,71.82
 11435,C45008,1019,2006-05-30, 5000399, 1, 79.7, 5, 2,151.43
 11436,C49402,1047,2006-06-03, 5000782, 1, 56.95, 10, 1,51.26
 11437,C46399,1014,2006-06-08, 5000522, 1, 17.49, 15, 4,59.47
 11438,C43470,1038,2006-06-09, 5000266, 1, 16.99, 10, 3,45.87
 11439,C44495,1041,2006-06-11, 5000351, 1, 28.94, 10, 3,78.14
 11440,C22846,1046,2006-06-20, 5000663, 1, 183.17, 0, 4,732.68
 11441,C95411,1025,2006-06-26, 5000429, 1, 39.94, 10, 2,71.89
 11442,C70832,1042,2006-06-28, 5000465, 1, 89.99, 10, 3,242.97
 11443,C25,1044,2006-06-29, 5000838, 1, 22.99, 5, 3,65.52
 11444,C69513,1020,2006-07-02, 5000354, 1, 26.99, 10, 2,48.58
 11445,C4200,1045,2006-07-03, 5001220, 1, 99.99, 5, 5,474.95
 11446,C68708,1036,2006-07-11, 5000288, 1, 28.24, 5, 3,80.48
 11447,C76838,1003,2006-07-14, 5000994, 1, 12.99, 5, 2,24.68
 11448,C78083,1056,2006-07-25, 5001097, 1, 2123.0, 20, 4,6793.6
 11449,C91455,1012,2006-07-26, 5000089, 1, 38.54, 15, 2,65.52
 11450,C95557,1021,2006-07-27, 5000440, 1, 24.99, 0, 1,24.99
 11451,C72150,1027,2006-08-02, 5000598, 1, 4.5, 0, 2,9
 11452,C96143,1047,2006-08-04, 5000492, 1, 56.95, 10, 5,256.28
 11453,C45813,1052,2006-08-06, 5000464, 1, 107.96, 0, 2,215.92
 11454,C23432,1016,2006-08-08, 5000710, 1, 5.99, 10, 2,10.78
 11455,C79694,1043,2006-08-08, 5001268, 1, 24.99, 10, 4,89.96
 11456,C3834,1041,2006-08-14, 5001187, 1, 28.94, 15, 3,73.8
 11457,C67682,1002,2006-08-14, 5000192, 1, 14.97, 0, 4,59.88
 11458,C52186,1013,2006-08-22, 5001026, 1, 10.74, 15, 3,27.39
 11459,C68122,1015,2006-08-23, 5000230, 1, 8.0, 0, 5,40
 11460,C74787,1043,2006-08-24, 5000816, 1, 24.99, 5, 5,118.7
 11461,C48816,1050,2006-08-31, 5000738, 1, 98.96, 15, 5,420.58
 11462,C66950,1053,2006-08-31, 5000128, 1, 93.0, 5, 5,441.75
 11463,C47278,1011,2006-09-10, 5000613, 1, 24.99, 10, 3,67.47
 11464,C93506,1027,2006-09-12, 5000269, 1, 4.5, 20, 2,7.2
 11465,C98780,1027,2006-09-12, 5000737, 1, 4.5, 0, 4,18
 11466,C66437,1046,2006-09-25, 5000086, 1, 183.17, 15, 4,622.78
 11467,C49183,1026,2006-09-26, 5000765, 1, 18.15, 10, 4,65.34
 11468,C52112,1041,2006-09-29, 5001018, 1, 28.94, 5, 5,137.47
 11469,C16913,1011,2006-10-02, 5000124, 1, 24.99, 5, 4,94.96
 11470,C67316,1013,2006-10-03, 5000164, 1, 10.74, 5, 2,20.41
 11471,C26362,1038,2006-10-05, 5000942, 1, 16.99, 0, 3,50.97
 11472,C94532,1019,2006-10-09, 5000355, 1, 79.7, 10, 3,215.19
 11473,C97022,1004,2006-10-20, 5000583, 1, 59.99, 5, 4,227.96
 11474,C46180,1035,2006-10-23, 5000499, 1, 43.95, 0, 3,131.85
 11475,C20429,1054,2006-10-29, 5000433, 1, 200.0, 5, 5,950
 11476,C92188,1020,2006-10-29, 5000147, 1, 26.99, 20, 2,43.18
 11477,C93140,1049,2006-10-31, 5000231, 1, 206.99, 10, 5,931.46
 11478,C49109,1043,2006-11-01, 5000760, 1, 24.99, 5, 3,71.22
 11479,C53870,1021,2006-11-03, 5001191, 1, 24.99, 5, 4,94.96
 11480,C73761,1032,2006-11-04, 5000736, 1, 4.5, 5, 1,4.27
 11481,C28412,1036,2006-11-07, 5001142, 1, 28.24, 5, 4,107.31
 11482,C90796,1032,2006-11-07, 5000022, 1, 4.5, 20, 2,7.2
 11483,C3980,1030,2006-11-09, 5001197, 1, 22.75, 5, 5,108.06
 11484,C42517,1001,2006-11-09, 5000176, 1, 53.5, 5, 2,101.65
 11485,C27314,1008,2006-11-19, 5001042, 1, 62.88, 10, 4,226.37
 11486,C76838,1029,2006-11-21, 5000992, 1, 21.48, 20, 4,68.74
 11487,C20282,1047,2006-11-22, 5000420, 1, 56.95, 20, 4,182.24
 11488,C69147,1049,2006-11-29, 5000321, 1, 206.99, 15, 4,703.77
 11489,C41272,1011,2006-12-02, 5000069, 1, 24.99, 10, 3,67.47
 11490,C25702,1012,2006-12-07, 5000889, 1, 38.54, 10, 4,138.74
 11491,C28486,1040,2006-12-11, 5001149, 1, 32.12, 5, 3,91.54
 11492,C73029,1054,2006-12-14, 5000675, 1, 200.0, 5, 2,380
 11493,C904,1045,2006-12-15, 5000910, 1, 99.99, 10, 1,89.99
 11494,C96729,1048,2006-12-25, 5000554, 1, 104.49, 10, 2,188.08
 11495,C72663,1049,2006-12-29, 5000644, 1, 206.99, 5, 4,786.56
 11496,C21015,1048,2006-12-30, 5000478, 1, 104.49, 10, 1,94.04
 11497,C51600,1015,2007-01-03, 5000970, 1, 8.0, 15, 3,20.4
 11498,C43396,1031,2007-01-08, 5000261, 1, 17.99, 0, 3,53.97
 11499,C46839,1014,2007-01-29, 5000564, 1, 17.49, 20, 1,13.99
 11500,C43232,1022,2014-01-29, 5000564, 1, 17.49, 20, 1,13.99
